region,country
Sant Julia de Loria,Andorra
Ordino,Andorra
La Massana,Andorra
Encamp,Andorra
Canillo,Andorra
Andorra la Vella,Andorra
Escaldes-Engordany,Andorra
Umm al Qaywayn,United Arab Emirates
Ra's al Khaymah,United Arab Emirates
Dubai,United Arab Emirates
Ash Shariqah,United Arab Emirates
Al Fujayrah,United Arab Emirates
Ajman,United Arab Emirates
Abu Dhabi,United Arab Emirates
Zabul,Afghanistan
Vardak,Afghanistan
Takhar,Afghanistan
Sar-e Pol,Afghanistan
Samangan,Afghanistan
Parvan,Afghanistan
Paktika,Afghanistan
Paktia,Afghanistan
Oruzgan,Afghanistan
Nimruz,Afghanistan
Nangarhar,Afghanistan
Lowgar,Afghanistan
Laghman,Afghanistan
Kunduz,Afghanistan
Konar,Afghanistan
Kapisa,Afghanistan
Kandahar,Afghanistan
Kabul,Afghanistan
Jowzjan,Afghanistan
Herat,Afghanistan
Helmand,Afghanistan
Ghowr,Afghanistan
Ghazni,Afghanistan
Faryab,Afghanistan
Farah,Afghanistan
Bamian,Afghanistan
Balkh,Afghanistan
Wilayat-e Baghlan,Afghanistan
Badghis,Afghanistan
Badakhshan,Afghanistan
Khowst,Afghanistan
Nurestan,Afghanistan
Daykundi,Afghanistan
Panjshir,Afghanistan
Saint Philip,Antigua and Barbuda
Saint Peter,Antigua and Barbuda
Saint Paul,Antigua and Barbuda
Saint Mary,Antigua and Barbuda
Saint John,Antigua and Barbuda
Saint George,Antigua and Barbuda
Redonda,Antigua and Barbuda
Barbuda,Antigua and Barbuda
Berat,Albania
Diber,Albania
Elbasan,Albania
Gjirokaster,Albania
Korce,Albania
Kukes,Albania
Durres,Albania
Fier,Albania
Lezhe,Albania
Shkoder,Albania
Tirane,Albania
Vlore,Albania
Ararat Province,Armenia
Syunik Province,Armenia
Vayots Dzor Province,Armenia
Yerevan,Armenia
Aragatsotn Province,Armenia
Armavir Province,Armenia
Gegharkunik Province,Armenia
Kotayk Province,Armenia
Lori Province,Armenia
Shirak Province,Armenia
Tavush Province,Armenia
Lunda Sul,Angola
Lunda Norte,Angola
Moxico,Angola
Cuando Cubango,Angola
Zaire,Angola
Uige,Angola
Malanje,Angola
Luanda,Angola
Cuanza Norte,Angola
Cabinda,Angola
Bengo,Angola
Namibe,Angola
Huila,Angola
Huambo,Angola
Cunene,Angola
Cuanza Sul,Angola
Bie,Angola
Benguela,Angola
Misiones,Argentina
Formosa,Argentina
Buenos Aires F.D.,Argentina
Entre Rios,Argentina
Corrientes,Argentina
Buenos Aires,Argentina
Tucuman,Argentina
Tierra del Fuego,Argentina
Santiago del Estero,Argentina
Santa Fe,Argentina
Santa Cruz,Argentina
San Luis,Argentina
San Juan,Argentina
Salta,Argentina
Rio Negro,Argentina
Neuquen,Argentina
Mendoza,Argentina
La Rioja,Argentina
La Pampa,Argentina
Jujuy,Argentina
Cordoba,Argentina
Chubut,Argentina
Chaco,Argentina
Catamarca,Argentina
Western District,American Samoa
Swains Island,American Samoa
Eastern District,American Samoa
Manu'a,American Samoa
Rose Island,American Samoa
Vienna,Austria
Vorarlberg,Austria
Tyrol,Austria
Styria,Austria
Salzburg,Austria
Upper Austria,Austria
Lower Austria,Austria
Carinthia,Austria
Burgenland,Austria
Western Australia,Australia
South Australia,Australia
Northern Territory,Australia
Victoria,Australia
Tasmania,Australia
Queensland,Australia
New South Wales,Australia
Australian Capital Territory,Australia
Mariehamns stad,Aland Islands
Alands landsbygd,Aland Islands
Alands skaergard,Aland Islands
Beylaqan,Azerbaijan
Zangilan Rayon,Azerbaijan
Yardimli,Azerbaijan
Susa,Azerbaijan
Salyan,Azerbaijan
Sabirabad,Azerbaijan
Saatli,Azerbaijan
Bilasuvar Rayon,Azerbaijan
Neftcala,Azerbaijan
Nakhichevan,Azerbaijan
Masally,Azerbaijan
Lerik,Azerbaijan
Lankaran,Azerbaijan
Lacin,Azerbaijan
Qubadli,Azerbaijan
Imisli,Azerbaijan
Fuezuli,Azerbaijan
Cabrayil Rayonu,Azerbaijan
Jalilabad,Azerbaijan
Astara,Azerbaijan
Xocali,Azerbaijan
Aghjabadi Rayon,Azerbaijan
Agdam,Azerbaijan
Shirvan,Azerbaijan
Lankaran Sahari,Azerbaijan
Shusha,Azerbaijan
Tartar Rayon,Azerbaijan
Xankandi Sahari,Azerbaijan
Xocavand Rayonu,Azerbaijan
Zardab,Azerbaijan
Zaqatala,Azerbaijan
Yevlax,Azerbaijan
Oguz,Azerbaijan
Ucar,Azerbaijan
Tovuz,Azerbaijan
Samaxi,Azerbaijan
Shaki Rayon,Azerbaijan
Shamkir Rayon,Azerbaijan
Kurdamir Rayon,Azerbaijan
Qabala Rayon,Azerbaijan
Qusar,Azerbaijan
Quba,Azerbaijan
Goygol Rayon,Azerbaijan
Xacmaz,Azerbaijan
Kalbacar Rayonu,Azerbaijan
Qazax,Azerbaijan
Goranboy,Azerbaijan
Qakh Rayon,Azerbaijan
Ismayilli,Azerbaijan
Goeycay,Azerbaijan
Shabran,Azerbaijan
Dashkasan Rayon,Azerbaijan
Balakan Rayon,Azerbaijan
Barda Rayon,Azerbaijan
Baki,Azerbaijan
Abseron,Azerbaijan
Agsu,Azerbaijan
Agdas,Azerbaijan
Gadabay Rayon,Azerbaijan
Agstafa,Azerbaijan
Ganja City,Azerbaijan
Mingacevir City,Azerbaijan
Naftalan,Azerbaijan
Qobustan,Azerbaijan
Samux,Azerbaijan
Shaki City,Azerbaijan
Siazan Rayon,Azerbaijan
Sumqayit,Azerbaijan
Xizi,Azerbaijan
Yevlax City,Azerbaijan
Haciqabul,Azerbaijan
Nakhchivan,Azerbaijan
Federation of Bosnia and Herzegovina,Bosnia and Herzegovina
Republika Srpska,Bosnia and Herzegovina
Brcko,Bosnia and Herzegovina
Saint Thomas,Barbados
Saint Philip,Barbados
Saint Peter,Barbados
Saint Michael,Barbados
Saint Lucy,Barbados
Saint Joseph,Barbados
Saint John,Barbados
Saint James,Barbados
Saint George,Barbados
Saint Andrew,Barbados
Christ Church,Barbados
Rajshahi,Bangladesh
Dhaka,Bangladesh
Chittagong,Bangladesh
Khulna,Bangladesh
Barisal,Bangladesh
Sylhet,Bangladesh
Rangpur Division,Bangladesh
Brussels Capital,Belgium
Wallonia,Belgium
Flanders,Belgium
Boucle du Mouhoun,Burkina Faso
Cascades,Burkina Faso
Centre,Burkina Faso
Centre-Est,Burkina Faso
Centre-Nord,Burkina Faso
Centre-Ouest,Burkina Faso
Centre-Sud,Burkina Faso
Est,Burkina Faso
High-Basins,Burkina Faso
Nord,Burkina Faso
Plateau-Central,Burkina Faso
Sahel,Burkina Faso
Southwest,Burkina Faso
Razgrad,Bulgaria
Montana,Bulgaria
Vratsa,Bulgaria
Varna,Bulgaria
Dobrich,Bulgaria
Sofiya,Bulgaria
Ruse,Bulgaria
Plovdiv,Bulgaria
Pleven,Bulgaria
Pernik,Bulgaria
Pazardzhik,Bulgaria
Lovech,Bulgaria
Khaskovo,Bulgaria
Sofia-Capital,Bulgaria
Burgas,Bulgaria
Blagoevgrad,Bulgaria
Gabrovo,Bulgaria
Kurdzhali,Bulgaria
Kyustendil,Bulgaria
Shumen,Bulgaria
Silistra,Bulgaria
Sliven,Bulgaria
Smolyan,Bulgaria
Stara Zagora,Bulgaria
Turgovishte,Bulgaria
Veliko Turnovo,Bulgaria
Vidin,Bulgaria
Yambol,Bulgaria
Muharraq,Bahrain
Manama,Bahrain
Southern Governorate,Bahrain
Central Governorate,Bahrain
Northern,Bahrain
Makamba,Burundi
Bururi,Burundi
Muramvya,Burundi
Gitega,Burundi
Ruyigi,Burundi
Cankuzo,Burundi
Karuzi,Burundi
Bubanza,Burundi
Cibitoke,Burundi
Ngozi,Burundi
Kayanza,Burundi
Muyinga,Burundi
Kirundo,Burundi
Rutana,Burundi
Mwaro,Burundi
Bujumbura Mairie,Burundi
Bujumbura Rural,Burundi
Zou,Benin
Queme,Benin
Mono,Benin
Borgou,Benin
Atlantique,Benin
Atakora,Benin
Alibori,Benin
Collines,Benin
Kouffo,Benin
Donga,Benin
Littoral,Benin
Plateau,Benin
Warwick,Bermuda
Southampton,Bermuda
Smith's Parish,Bermuda
Sandys,Bermuda
Saint George's Parish,Bermuda
Saint George,Bermuda
Pembroke,Bermuda
Paget,Bermuda
Hamilton Parish,Bermuda
Hamilton city,Bermuda
Devonshire,Bermuda
Tutong,Brunei
Temburong,Brunei
Brunei and Muara,Brunei
Belait,Brunei
Tarija,Bolivia
Santa Cruz,Bolivia
Potosi,Bolivia
Pando,Bolivia
Oruro,Bolivia
La Paz,Bolivia
Cochabamba,Bolivia
Chuquisaca,Bolivia
El Beni,Bolivia
Bonaire,"Bonaire, Saint Eustatius and Saba "
Saba,"Bonaire, Saint Eustatius and Saba "
Sint Eustatius,"Bonaire, Saint Eustatius and Saba "
Rio Grande do Norte,Brazil
Piaui,Brazil
Pernambuco,Brazil
Paraiba,Brazil
Para,Brazil
Maranhao,Brazil
Ceara,Brazil
Amapa,Brazil
Alagoas,Brazil
Sergipe,Brazil
Sao Paulo,Brazil
Santa Catarina,Brazil
Rio Grande do Sul,Brazil
Rio de Janeiro,Brazil
Parana,Brazil
Minas Gerais,Brazil
Mato Grosso do Sul,Brazil
Mato Grosso,Brazil
Goias,Brazil
Federal District,Brazil
Espirito Santo,Brazil
Bahia,Brazil
Tocantins,Brazil
Roraima,Brazil
Amazonas,Brazil
Acre,Brazil
Rondonia,Brazil
San Salvador,Bahamas
Ragged Island,Bahamas
Berry Islands,Bahamas
New Providence,Bahamas
Mayaguana,Bahamas
Long Island,Bahamas
Inagua,Bahamas
Harbour Island,Bahamas
Freeport,Bahamas
Exuma,Bahamas
Cat Island,Bahamas
Bimini,Bahamas
Acklins,Bahamas
Black Point,Bahamas
Central Abaco,Bahamas
Central Andros,Bahamas
Central Eleuthera,Bahamas
Crooked Island and Long Cay,Bahamas
East Grand Bahama,Bahamas
Grand Cay,Bahamas
Hope Town,Bahamas
Mangrove Cay,Bahamas
Moore's Island,Bahamas
North Abaco,Bahamas
North Andros,Bahamas
North Eleuthera,Bahamas
Rum Cay,Bahamas
South Abaco,Bahamas
South Andros,Bahamas
South Eleuthera,Bahamas
Spanish Wells,Bahamas
West Grand Bahama,Bahamas
Bumthang,Bhutan
Chhukha,Bhutan
Daga,Bhutan
Chirang,Bhutan
Geylegphug,Bhutan
Ha,Bhutan
Lhuntshi,Bhutan
Mongar,Bhutan
Paro,Bhutan
Pemagatsel,Bhutan
Punakha,Bhutan
Samchi,Bhutan
Samdrup Jongkhar,Bhutan
Shemgang,Bhutan
Tashigang,Bhutan
Thimphu,Bhutan
Tongsa,Bhutan
Wangdi Phodrang,Bhutan
Gasa,Bhutan
Trashi Yangste,Bhutan
Southern,Botswana
South East,Botswana
North East,Botswana
North West,Botswana
Kweneng,Botswana
Kgatleng,Botswana
Kgalagadi,Botswana
Ghanzi,Botswana
Central,Botswana
Vitebsk,Belarus
Mogilev,Belarus
Minsk,Belarus
Minsk,Belarus
Grodnenskaya,Belarus
Gomel,Belarus
Brest,Belarus
Toledo,Belize
Stann Creek,Belize
Orange Walk,Belize
Corozal,Belize
Cayo,Belize
Belize,Belize
Alberta,Canada
British Columbia,Canada
Manitoba,Canada
New Brunswick,Canada
Northwest Territories,Canada
Nova Scotia,Canada
Nunavut,Canada
Ontario,Canada
Prince Edward Island,Canada
Quebec,Canada
Saskatchewan,Canada
Yukon,Canada
Mostaganem,Algeria
Newfoundland and Labrador,Canada
South Kivu,Democratic Republic of the Congo
Katanga,Democratic Republic of the Congo
Nord Kivu,Democratic Republic of the Congo
Maniema,Democratic Republic of the Congo
Kasai-Oriental,Democratic Republic of the Congo
Kasai-Occidental,Democratic Republic of the Congo
Eastern Province,Democratic Republic of the Congo
Equateur,Democratic Republic of the Congo
Kinshasa,Democratic Republic of the Congo
Bas-Congo,Democratic Republic of the Congo
Bandundu,Democratic Republic of the Congo
Vakaga,Central African Republic
Ouaka,Central African Republic
Mbomou,Central African Republic
Haut-Mbomou,Central African Republic
Haute-Kotto,Central African Republic
Basse-Kotto,Central African Republic
Bamingui-Bangoran,Central African Republic
Sangha-Mbaere,Central African Republic
Ouham-Pende,Central African Republic
Ouham,Central African Republic
Ombella-Mpoko,Central African Republic
Nana-Mambere,Central African Republic
Lobaye,Central African Republic
Kemo,Central African Republic
Mambere-Kadei,Central African Republic
Nana-Grebizi,Central African Republic
Bangui,Central African Republic
Sangha,Republic of the Congo
Pool,Republic of the Congo
Plateaux,Republic of the Congo
Niari,Republic of the Congo
Likouala,Republic of the Congo
Lekoumou,Republic of the Congo
Kouilou,Republic of the Congo
Cuvette,Republic of the Congo
Bouenza,Republic of the Congo
Brazzaville,Republic of the Congo
Cuvette-Ouest,Republic of the Congo
Pointe-Noire,Republic of the Congo
Zurich,Switzerland
Zug,Switzerland
Vaud,Switzerland
Valais,Switzerland
Uri,Switzerland
Ticino,Switzerland
Thurgau,Switzerland
Solothurn,Switzerland
Schwyz,Switzerland
Schaffhausen,Switzerland
Saint Gallen,Switzerland
Obwalden,Switzerland
Nidwalden,Switzerland
Neuchatel,Switzerland
Lucerne,Switzerland
Jura,Switzerland
Grisons,Switzerland
Glarus,Switzerland
Geneva,Switzerland
Fribourg,Switzerland
Bern,Switzerland
Basel-City,Switzerland
Basel-Landschaft,Switzerland
Appenzell Ausserrhoden,Switzerland
Appenzell Innerrhoden,Switzerland
Aargau,Switzerland
Lagunes,Ivory Coast
Sud-Comoe,Ivory Coast
Agneby,Ivory Coast
Haut-Sassandra,Ivory Coast
Savanes,Ivory Coast
Vallee du Bandama,Ivory Coast
Moyen-Comoe,Ivory Coast
Dix-Huit Montagnes,Ivory Coast
Lacs,Ivory Coast
Zanzan,Ivory Coast
Bas-Sassandra,Ivory Coast
Worodougou,Ivory Coast
Denguele,Ivory Coast
Sud-Bandama,Ivory Coast
Fromager,Ivory Coast
N'zi-Comoe,Ivory Coast
Marahoue,Ivory Coast
Moyen-Cavally,Ivory Coast
Bafing,Ivory Coast
Yamoussoukro Autonomous District,Ivory Coast
Valparaiso,Chile
Tarapaca,Chile
Santiago Metropolitan,Chile
Maule,Chile
Los Lagos,Chile
O'Higgins,Chile
Coquimbo,Chile
Biobio,Chile
Atacama,Chile
Araucania,Chile
Antofagasta,Chile
Aisen,Chile
Maio,Cape Verde
Magallanes,Chile
Arica y Parinacota,Chile
Los Rios,Chile
South-West Province,Cameroon
South Province,Cameroon
West,Cameroon
North-West Province,Cameroon
North Province,Cameroon
Littoral,Cameroon
Far North,Cameroon
East,Cameroon
Centre,Cameroon
Adamaoua,Cameroon
Tibet Autonomous Region,China
Qinghai Sheng,China
Xinjiang Uygur Zizhiqu,China
Zhejiang Sheng,China
Yunnan,China
Tianjin Shi,China
Sichuan,China
Shanxi Sheng,China
Shanghai Shi,China
Shandong Sheng,China
Shaanxi,China
Ningxia Huizu Zizhiqu,China
Jiangxi Sheng,China
Jiangsu,China
Hunan,China
Hubei,China
Henan Sheng,China
Hebei,China
Hainan,China
Guizhou Sheng,China
Guangxi Zhuangzu Zizhiqu,China
Guangdong,China
Gansu Sheng,China
Fujian,China
Chongqing Shi,China
Anhui Sheng,China
Inner Mongolia,China
Liaoning,China
Jilin Sheng,China
Heilongjiang Sheng,China
Beijing,China
Vichada,Colombia
Vaupes,Colombia
Valle del Cauca,Colombia
Tolima,Colombia
Sucre,Colombia
Santander,Colombia
"Archipielago de San Andres, Providencia y Santa Catalina",Colombia
Risaralda,Colombia
Quindio,Colombia
Putumayo,Colombia
Norte de Santander,Colombia
Narino,Colombia
Meta,Colombia
Magdalena,Colombia
La Guajira,Colombia
Huila,Colombia
Guaviare,Colombia
Guainia,Colombia
Cundinamarca,Colombia
Cordoba,Colombia
Choco,Colombia
Cesar,Colombia
Cauca,Colombia
Casanare,Colombia
Caqueta,Colombia
Caldas,Colombia
Boyaca,Colombia
Bolivar,Colombia
Bogota D.C.,Colombia
Atlantico,Colombia
Arauca,Colombia
Antioquia,Colombia
Amazonas,Colombia
San Jose,Costa Rica
Puntarenas,Costa Rica
Limon,Costa Rica
Heredia,Costa Rica
Guanacaste,Costa Rica
Cartago,Costa Rica
Alajuela,Costa Rica
Villa Clara,Cuba
Santiago de Cuba,Cuba
Sancti Spiritus,Cuba
Pinar del Rio,Cuba
Matanzas,Cuba
Las Tunas,Cuba
Isla de la Juventud,Cuba
Holguin,Cuba
Guantanamo,Cuba
Granma,Cuba
La Habana,Cuba
Cienfuegos,Cuba
Ciego de Avila,Cuba
Camaguey,Cuba
Artemisa,Cuba
Mayabeque,Cuba
Tarrafal,Cape Verde
Sao Vicente,Cape Verde
Santa Catarina,Cape Verde
Sal,Cape Verde
Ribeira Grande,Cape Verde
Praia,Cape Verde
Paul,Cape Verde
Brava,Cape Verde
Boa Vista,Cape Verde
Mosteiros,Cape Verde
Santa Cruz,Cape Verde
Sao Domingos,Cape Verde
Sao Filipe,Cape Verde
Sao Miguel,Cape Verde
Porto Novo,Cape Verde
Ribeira Brava,Cape Verde
Santa Catarina do Fogo,Cape Verde
Sao Salvador do Mundo,Cape Verde
Tarrafal de Sao Nicolau,Cape Verde
Sao Lourenco dos Orgaos,Cape Verde
Ribeira Grande de Santiago,Cape Verde
Pafos,Cyprus
Lefkosia,Cyprus
Limassol,Cyprus
Larnaka,Cyprus
Keryneia,Cyprus
Ammochostos,Cyprus
Praha,Czech Republic
South Moravian,Czech Republic
Jihocesky,Czech Republic
Vysocina,Czech Republic
Karlovarsky,Czech Republic
Kralovehradecky,Czech Republic
Liberecky,Czech Republic
Olomoucky,Czech Republic
Moravskoslezsky,Czech Republic
Pardubicky,Czech Republic
Plzensky,Czech Republic
Central Bohemia,Czech Republic
Ustecky,Czech Republic
Zlin,Czech Republic
Thuringia,Germany
Schleswig-Holstein,Germany
Saxony-Anhalt,Germany
Saxony,Germany
Saarland,Germany
Rheinland-Pfalz,Germany
North Rhine-Westphalia,Germany
Lower Saxony,Germany
Mecklenburg-Vorpommern,Germany
Hesse,Germany
Hamburg,Germany
Bremen,Germany
Brandenburg,Germany
Berlin,Germany
Bavaria,Germany
Baden-Wuerttemberg,Germany
Tadjourah,Djibouti
Obock,Djibouti
Djibouti,Djibouti
Dikhil,Djibouti
Ali Sabieh,Djibouti
Arta,Djibouti
Capital Region,Denmark
Central Jutland,Denmark
North Denmark,Denmark
Zealand,Denmark
South Denmark,Denmark
Saint Peter,Dominica
Saint Paul,Dominica
Saint Patrick,Dominica
Saint Mark,Dominica
Saint Luke,Dominica
Saint Joseph,Dominica
Saint John,Dominica
Saint George,Dominica
Saint David,Dominica
Saint Andrew,Dominica
Valverde,Dominican Republic
Santiago Rodriguez,Dominican Republic
Santiago,Dominican Republic
San Pedro de Macoris,Dominican Republic
San Juan,Dominican Republic
San Cristobal,Dominican Republic
Sanchez Ramirez,Dominican Republic
Samana,Dominican Republic
Hermanas Mirabal,Dominican Republic
Puerto Plata,Dominican Republic
Peravia,Dominican Republic
Pedernales,Dominican Republic
Nacional,Dominican Republic
Monte Plata,Dominican Republic
Monte Cristi,Dominican Republic
Monsenor Nouel,Dominican Republic
Maria Trinidad Sanchez,Dominican Republic
La Vega,Dominican Republic
La Romana,Dominican Republic
La Altagracia,Dominican Republic
Independencia,Dominican Republic
Hato Mayor,Dominican Republic
Espaillat,Dominican Republic
El Seibo,Dominican Republic
Elias Pina,Dominican Republic
Duarte,Dominican Republic
Dajabon,Dominican Republic
Barahona,Dominican Republic
Baoruco,Dominican Republic
Azua,Dominican Republic
San Jose de Ocoa,Dominican Republic
Santo Domingo,Dominican Republic
Tlemcen,Algeria
Tizi Ouzou,Algeria
Tissemsilt,Algeria
Tipaza,Algeria
Tindouf,Algeria
Tiaret,Algeria
Tebessa,Algeria
Tamanghasset,Algeria
Souk Ahras,Algeria
Skikda,Algeria
Sidi Bel Abbes,Algeria
Setif,Algeria
Saida,Algeria
Relizane,Algeria
Oum el Bouaghi,Algeria
Ouargla,Algeria
Oran,Algeria
Wilaya de Naama,Algeria
Wilaya de M'Sila,Algeria
Mila,Algeria
Medea,Algeria
Mascara,Algeria
Laghouat,Algeria
Khenchela,Algeria
Jijel,Algeria
Illizi,Algeria
Guelma,Algeria
Ghardaia,Algeria
El Tarf,Algeria
El Oued,Algeria
El Bayadh,Algeria
Djelfa,Algeria
Constantine,Algeria
Chlef,Algeria
Boumerdes,Algeria
Bouira,Algeria
Bordj Bou Arreridj,Algeria
Blida,Algeria
Biskra,Algeria
Bejaia,Algeria
Bechar,Algeria
Batna,Algeria
Annaba,Algeria
Alger,Algeria
Ain Temouchent,Algeria
Ain Defla,Algeria
Adrar,Algeria
Zamora-Chinchipe,Ecuador
Tungurahua,Ecuador
Pichincha,Ecuador
Pastaza,Ecuador
Napo,Ecuador
Morona-Santiago,Ecuador
Manabi,Ecuador
Los Rios,Ecuador
Loja,Ecuador
Imbabura,Ecuador
Guayas,Ecuador
Galapagos,Ecuador
Esmeraldas,Ecuador
El Oro,Ecuador
Cotopaxi,Ecuador
Chimborazo,Ecuador
Carchi,Ecuador
Canar,Ecuador
Bolivar,Ecuador
Azuay,Ecuador
Sucumbios,Ecuador
Orellana,Ecuador
Santo Domingo de los Tsachilas,Ecuador
Santa Elena,Ecuador
Vorumaa,Estonia
Viljandimaa,Estonia
Valgamaa,Estonia
Tartu,Estonia
Saare,Estonia
Raplamaa,Estonia
Polvamaa,Estonia
Paernumaa,Estonia
Laeaene-Virumaa,Estonia
Laeaene,Estonia
Jogevamaa,Estonia
Jaervamaa,Estonia
Ida-Virumaa,Estonia
Hiiumaa,Estonia
Harjumaa,Estonia
Suhaj,Egypt
Muhafazat Shamal Sina',Egypt
Qina,Egypt
Muhafazat Matruh,Egypt
Kafr ash Shaykh,Egypt
South Sinai,Egypt
Dumyat,Egypt
Muhafazat Bur Sa`id,Egypt
Muhafazat Bani Suwayf,Egypt
Asyut,Egypt
Aswan,Egypt
As Suways,Egypt
Eastern Province,Egypt
Muhafazat al Wadi al Jadid,Egypt
Muhafazat al Qalyubiyah,Egypt
Muhafazat al Qahirah,Egypt
Al Minya,Egypt
Muhafazat al Minufiyah,Egypt
Al Jizah,Egypt
Al Isma'iliyah,Egypt
Alexandria,Egypt
Muhafazat al Gharbiyah,Egypt
Muhafazat al Fayyum,Egypt
Al Buhayrah,Egypt
Red Sea,Egypt
Muhafazat ad Daqahliyah,Egypt
Luxor,Egypt
Oued Ed-Dahab-Lagouira,Western Sahara
Anseba,Eritrea
Debub,Eritrea
Southern Red Sea Region,Eritrea
Gash Barka,Eritrea
Maekel Region,Eritrea
Northern Red Sea Region,Eritrea
Murcia,Spain
Ceuta,Spain
Balearic Islands,Spain
Andalusia,Spain
Canary Islands,Spain
Castille-La Mancha,Spain
Extremadura,Spain
Valencia,Spain
Asturias,Spain
Navarre,Spain
Madrid,Spain
La Rioja,Spain
Cantabria,Spain
Aragon,Spain
Castille and Leon,Spain
Catalonia,Spain
Galicia,Spain
Basque Country,Spain
Melilla,Spain
Adis Abeba,Ethiopia
Afar,Ethiopia
Amhara,Ethiopia
Binshangul Gumuz,Ethiopia
Dire Dawa,Ethiopia
Gambela,Ethiopia
Harari,Ethiopia
Oromiya,Ethiopia
Somali,Ethiopia
Tigray,Ethiopia
"Southern Nations, Nationalities, and People's Region",Ethiopia
Lapland,Finland
Kainuu,Finland
Northern Ostrobothnia,Finland
Central Ostrobothnia,Finland
Ostrobothnia,Finland
Southern Ostrobothnia,Finland
Central Finland,Finland
North Karelia,Finland
Northern Savo,Finland
Southern Savonia,Finland
South Karelia,Finland
Kymenlaakso,Finland
Pirkanmaa,Finland
Haeme,Finland
Southwest Finland,Finland
Uusimaa,Finland
Paijanne Tavastia,Finland
Satakunta,Finland
Western,Fiji
Northern,Fiji
Central,Fiji
Eastern,Fiji
Rotuma,Fiji
Kadavu,Fiji
Yap,Micronesia
Pohnpei,Micronesia
Kosrae,Micronesia
Chuuk,Micronesia
Vagar,Faroe Islands
Suduroy,Faroe Islands
Streymoy,Faroe Islands
Sandoy,Faroe Islands
Nordoyar,Faroe Islands
Eysturoy,Faroe Islands
Rhone-Alpes,France
Provence-Alpes-Cote d'Azur,France
Poitou-Charentes,France
Picardie,France
Pays de la Loire,France
Nord-Pas-de-Calais,France
Midi-Pyrenees,France
Lorraine,France
Limousin,France
Languedoc-Roussillon,France
Ile-de-France,France
Haute-Normandie,France
Franche-Comte,France
Corsica,France
Champagne-Ardenne,France
Centre,France
Brittany,France
Bourgogne,France
Lower Normandy,France
Auvergne,France
Aquitaine,France
Alsace,France
Woleu-Ntem,Gabon
Ogooue-Maritime,Gabon
Ogooue-Lolo,Gabon
Ogooue-Ivindo,Gabon
Nyanga,Gabon
Ngounie,Gabon
Moyen-Ogooue,Gabon
Haut-Ogooue,Gabon
Estuaire,Gabon
Wales,United Kingdom
Scotland,United Kingdom
Northern Ireland,United Kingdom
England,United Kingdom
Saint Patrick,Grenada
Saint Mark,Grenada
Saint John,Grenada
Saint George,Grenada
Saint David,Grenada
Saint Andrew,Grenada
Carriacou and Petite Martinique,Grenada
T'bilisi,Georgia
Ajaria,Georgia
Kvemo Kartli,Georgia
Kakheti,Georgia
Guria,Georgia
Imereti,Georgia
Shida Kartli,Georgia
Mtskheta-Mtianeti,Georgia
Bolama and Bijagos,Guinea-Bissau
Racha-Lechkhumi and Kvemo Svaneti,Georgia
Samegrelo and Zemo Svaneti,Georgia
Samtskhe-Javakheti,Georgia
Abkhazia,Georgia
Guyane,French Guiana
St Pierre du Bois,Guernsey
Torteval,Guernsey
Saint Saviour,Guernsey
Forest,Guernsey
St Martin,Guernsey
Saint Andrew,Guernsey
St Peter Port,Guernsey
Castel,Guernsey
Vale,Guernsey
St Sampson,Guernsey
Alderney,Guernsey
Western,Ghana
Volta,Ghana
Upper West,Ghana
Upper East,Ghana
Northern,Ghana
Greater Accra,Ghana
Eastern,Ghana
Central,Ghana
Brong-Ahafo,Ghana
Ashanti,Ghana
Qaasuitsup,Greenland
Kujalleq,Greenland
Qeqqata,Greenland
Sermersooq,Greenland
Western,Gambia
Upper River,Gambia
North Bank,Gambia
Central River,Gambia
Lower River,Gambia
Banjul,Gambia
Conakry,Guinea
Boke,Guinea
Faranah,Guinea
Kankan,Guinea
Kindia,Guinea
Labe,Guinea
Mamou,Guinea
Nzerekore,Guinea
Guadeloupe,Guadeloupe
Annobon,Equatorial Guinea
Bioko Norte,Equatorial Guinea
Bioko Sur,Equatorial Guinea
Centro Sur,Equatorial Guinea
Kie-Ntem,Equatorial Guinea
Litoral,Equatorial Guinea
Wele-Nzas,Equatorial Guinea
Mount Athos,Greece
Attica,Greece
Central Greece,Greece
Central Macedonia,Greece
Crete,Greece
East Macedonia and Thrace,Greece
Epirus,Greece
Ionian Islands,Greece
North Aegean,Greece
Peloponnese,Greece
South Aegean,Greece
Thessaly,Greece
West Greece,Greece
West Macedonia,Greece
Zacapa,Guatemala
Totonicapan,Guatemala
Suchitepeque,Guatemala
Solola,Guatemala
Santa Rosa,Guatemala
San Marcos,Guatemala
Sacatepequez,Guatemala
Retalhuleu,Guatemala
Quiche,Guatemala
Quetzaltenango,Guatemala
Peten,Guatemala
Jutiapa,Guatemala
Jalapa,Guatemala
Izabal,Guatemala
Huehuetenango,Guatemala
Guatemala,Guatemala
Escuintla,Guatemala
El Progreso,Guatemala
Chiquimula,Guatemala
Chimaltenango,Guatemala
Baja Verapaz,Guatemala
Alta Verapaz,Guatemala
Piti,Guam
Santa Rita,Guam
Sinajana,Guam
Talofofo,Guam
Tamuning,Guam
Umatac,Guam
Yigo,Guam
Yona,Guam
Merizo,Guam
Mangilao,Guam
Agana Heights,Guam
Chalan Pago-Ordot,Guam
Asan,Guam
Agat,Guam
Dededo,Guam
Barrigada,Guam
Hagatna,Guam
Inarajan,Guam
Mongmong-Toto-Maite,Guam
Tombali,Guinea-Bissau
Quinara,Guinea-Bissau
Oio,Guinea-Bissau
Gabu,Guinea-Bissau
Cacheu,Guinea-Bissau
Bissau,Guinea-Bissau
Biombo,Guinea-Bissau
Bafata,Guinea-Bissau
Upper Takutu-Upper Essequibo,Guyana
Upper Demerara-Berbice,Guyana
Potaro-Siparuni,Guyana
Pomeroon-Supenaam,Guyana
Mahaica-Berbice,Guyana
Essequibo Islands-West Demerara,Guyana
East Berbice-Corentyne,Guyana
Demerara-Mahaica,Guyana
Cuyuni-Mazaruni,Guyana
Barima-Waini,Guyana
Yuen Long,Hong Kong
Tsuen Wan,Hong Kong
Tai Po,Hong Kong
Sai Kung,Hong Kong
Islands,Hong Kong
Central and Western,Hong Kong
Wanchai,Hong Kong
Eastern,Hong Kong
Southern,Hong Kong
Yau Tsim Mong,Hong Kong
Sham Shui Po,Hong Kong
Kowloon City,Hong Kong
Wong Tai Sin,Hong Kong
Kwon Tong,Hong Kong
Kwai Tsing,Hong Kong
Tuen Mun,Hong Kong
North,Hong Kong
Sha Tin,Hong Kong
Yoro,Honduras
Valle,Honduras
Santa Barbara,Honduras
Olancho,Honduras
Ocotepeque,Honduras
Lempira,Honduras
La Paz,Honduras
Bay Islands,Honduras
Intibuca,Honduras
Gracias a Dios,Honduras
Francisco Morazan,Honduras
El Paraiso,Honduras
Cortes,Honduras
Copan,Honduras
Comayagua,Honduras
Colon,Honduras
Choluteca,Honduras
Atlantida,Honduras
Bjelovarsko-Bilogorska,Croatia
Brodsko-Posavska,Croatia
Dubrovacko-Neretvanska,Croatia
Istarska,Croatia
Karlovacka,Croatia
Koprivnicko-Krizevacka,Croatia
Krapinsko-Zagorska,Croatia
Licko-Senjska,Croatia
Medimurska,Croatia
Osjecko-Baranjska,Croatia
Pozesko-Slavonska,Croatia
Primorsko-Goranska,Croatia
Sibensko-Kniniska,Croatia
Sisacko-Moslavacka,Croatia
Splitsko-Dalmatinska,Croatia
Varazdinska,Croatia
Vukovarsko-Srijemska,Croatia
Zadarska,Croatia
Zagrebacka,Croatia
Grad Zagreb,Croatia
Virovitick-Podravska,Croatia
Sud-Est,Haiti
Sud,Haiti
Ouest,Haiti
Nord-Ouest,Haiti
Nord-Est,Haiti
Nord,Haiti
Grandans,Haiti
Centre,Haiti
Artibonite,Haiti
Nippes,Haiti
Szabolcs-Szatmar-Bereg,Hungary
Jasz-Nagykun-Szolnok,Hungary
Heves,Hungary
Hajdu-Bihar,Hungary
Csongrad,Hungary
Borsod-Abauj-Zemplen,Hungary
Bekes,Hungary
Zala,Hungary
Veszprem,Hungary
Vas,Hungary
Tolna,Hungary
Somogy,Hungary
Pest,Hungary
Nograd,Hungary
Komarom-Esztergom,Hungary
Gyor-Moson-Sopron,Hungary
Fejer,Hungary
Budapest,Hungary
Baranya,Hungary
Bacs-Kiskun,Hungary
North Sumatra,Indonesia
Aceh,Indonesia
Daerah Istimewa Yogyakarta,Indonesia
South Sumatra,Indonesia
West Sumatra,Indonesia
North Sulawesi,Indonesia
Sulawesi Tenggara,Indonesia
Central Sulawesi,Indonesia
South Sulawesi,Indonesia
Riau,Indonesia
East Nusa Tenggara,Indonesia
West Nusa Tenggara,Indonesia
Maluku,Indonesia
Lampung,Indonesia
East Kalimantan,Indonesia
Central Kalimantan,Indonesia
South Kalimantan,Indonesia
West Kalimantan,Indonesia
East Java,Indonesia
Central Java,Indonesia
West Java,Indonesia
Jambi,Indonesia
Jakarta Raya,Indonesia
Papua,Indonesia
Bengkulu,Indonesia
Bali,Indonesia
Banten,Indonesia
Gorontalo,Indonesia
Bangka-Belitung Islands,Indonesia
Maluku Utara,Indonesia
West Papua,Indonesia
Sulawesi Barat,Indonesia
Riau Islands,Indonesia
North Kalimantan,Indonesia
Connaught,Ireland
Leinster,Ireland
Munster,Ireland
Ulster,Ireland
Jerusalem,Israel
Tel Aviv,Israel
Haifa,Israel
Northern District,Israel
Central District,Israel
Southern District,Israel
Andreas,Isle of Man
Arbory,Isle of Man
Ballaugh,Isle of Man
Braddan,Isle of Man
Bride,Isle of Man
Castletown,Isle of Man
Douglas,Isle of Man
German,Isle of Man
Jurby,Isle of Man
Laxey,Isle of Man
Lezayre,Isle of Man
Lonan,Isle of Man
Malew,Isle of Man
Marown,Isle of Man
Maughold,Isle of Man
Michael,Isle of Man
Onchan,Isle of Man
Patrick,Isle of Man
Peel,Isle of Man
Port Erin,Isle of Man
Port St Mary,Isle of Man
Ramsey,Isle of Man
Rushen,Isle of Man
Santon,Isle of Man
West Bengal,India
Uttar Pradesh,India
Tripura,India
Telangana,India
Tamil Nadu,India
Sikkim,India
Rajasthan,India
Punjab,India
Pondicherry,India
Odisha,India
Nagaland,India
Mizoram,India
Meghalaya,India
Manipur,India
Maharashtra,India
Madhya Pradesh,India
Laccadives,India
Kerala,India
Karnataka,India
Kashmir,India
Himachal Pradesh,India
Haryana,India
Gujarat,India
Daman and Diu,India
Goa,India
NCT,India
Dadra and Nagar Haveli,India
Chandigarh,India
Bihar,India
Assam,India
Arunachal Pradesh,India
Andhra Pradesh,India
Andaman and Nicobar Islands,India
Chhattisgarh,India
Jharkhand,India
Uttarakhand,India
Basra Governorate,Iraq
Wasit,Iraq
Salah ad Din Governorate,Iraq
Ninawa,Iraq
Maysan,Iraq
Muhafazat Karbala',Iraq
Arbil,Iraq
Diyala,Iraq
Dhi Qar,Iraq
Dahuk,Iraq
Mayorality of Baghdad,Iraq
Babil,Iraq
Muhafazat Kirkuk,Iraq
As Sulaymaniyah,Iraq
An Najaf,Iraq
Al Qadisiyah,Iraq
Al Muthanna,Iraq
Anbar,Iraq
Tehran,Iran
Zanjan,Iran
Yazd,Iran
Semnan,Iran
Mazandaran,Iran
Markazi,Iran
Lorestan,Iran
Kordestan,Iran
Kohgiluyeh va Buyer Ahmad,Iran
Khuzestan,Iran
Kermanshah,Iran
Kerman,Iran
Ilam,Iran
Hormozgan,Iran
Hamadan,Iran
Gilan,Iran
Fars,Iran
Chahar Mahall va Bakhtiari,Iran
Bushehr,Iran
East Azerbaijan,Iran
Azarbayjan-e Gharbi,Iran
Ardabil,Iran
Isfahan,Iran
Golestan,Iran
Qazvin,Iran
Qom,Iran
Sistan and Baluchestan,Iran
Khorasan-e Jonubi,Iran
Razavi Khorasan,Iran
Khorasan-e Shomali,Iran
Alborz,Iran
Northwest,Iceland
Northeast,Iceland
East,Iceland
South,Iceland
Capital Region,Iceland
Southern Peninsula,Iceland
West,Iceland
Westfjords,Iceland
Sicily,Italy
Sardinia,Italy
Calabria,Italy
Veneto,Italy
Aosta Valley,Italy
Umbria,Italy
Trentino-Alto Adige,Italy
Tuscany,Italy
Apulia,Italy
Piedmont,Italy
Molise,Italy
The Marches,Italy
Lombardy,Italy
Liguria,Italy
Latium,Italy
Friuli Venezia Giulia,Italy
Emilia-Romagna,Italy
Campania,Italy
Basilicate,Italy
Abruzzo,Italy
St Clement,Jersey
St Saviour,Jersey
St. Brelade,Jersey
Grouville,Jersey
St Mary,Jersey
St Lawrence,Jersey
St Peter,Jersey
St Ouen,Jersey
St John,Jersey
Trinity,Jersey
St Martin,Jersey
St Helier,Jersey
Westmoreland,Jamaica
Trelawny,Jamaica
Saint Thomas,Jamaica
Saint Mary,Jamaica
Saint James,Jamaica
St. Elizabeth,Jamaica
Saint Catherine,Jamaica
Saint Ann,Jamaica
Saint Andrew,Jamaica
Portland,Jamaica
Manchester,Jamaica
Kingston,Jamaica
Hanover,Jamaica
Clarendon,Jamaica
Ma'an,Jordan
Irbid,Jordan
Zarqa,Jordan
Tafielah,Jordan
Amman,Jordan
Mafraq,Jordan
Karak,Jordan
Balqa,Jordan
Ajlun,Jordan
Jerash,Jordan
Aqaba,Jordan
Madaba,Jordan
Yamanashi,Japan
Yamaguchi,Japan
Wakayama,Japan
Toyama,Japan
Tottori,Japan
Tokyo,Japan
Tokushima,Japan
Tochigi,Japan
Shizuoka,Japan
Shimane,Japan
Shiga Prefecture,Japan
Saitama,Japan
Saga Prefecture,Japan
Osaka,Japan
Okinawa,Japan
Okayama,Japan
Oita,Japan
Niigata,Japan
Nara,Japan
Nagasaki,Japan
Nagano,Japan
Miyazaki,Japan
Mie,Japan
Kyoto,Japan
Kumamoto,Japan
Kochi,Japan
Kanagawa,Japan
Kagoshima,Japan
Kagawa,Japan
Ishikawa,Japan
Hyogo,Japan
Hiroshima,Japan
Gunma,Japan
Gifu,Japan
Fukuoka,Japan
Fukui,Japan
Ehime,Japan
Aichi,Japan
Yamagata,Japan
Miyagi,Japan
Iwate,Japan
Ibaraki,Japan
Fukushima,Japan
Chiba,Japan
Akita,Japan
Hokkaido,Japan
Aomori,Japan
West Pokot,Kenya
Wajir,Kenya
Uasin Gishu,Kenya
Turkana,Kenya
Trans Nzoia,Kenya
Tharaka District,Kenya
Tana River,Kenya
Siaya,Kenya
Samburu,Kenya
Nairobi Area,Kenya
Murang'a District,Kenya
Mombasa,Kenya
Meru,Kenya
Marsabit,Kenya
Mandera,Kenya
Laikipia,Kenya
Kwale,Kenya
Kitui,Kenya
Kisumu,Kenya
Kisii,Kenya
Kirinyaga,Kenya
Kilifi,Kenya
Kiambu,Kenya
Kericho,Kenya
Kakamega,Kenya
Isiolo,Kenya
Garissa,Kenya
Embu,Kenya
Busia,Kenya
Bungoma,Kenya
Baringo,Kenya
Nyandarua,Kenya
Vihiga,Kenya
Lamu,Kenya
Machakos,Kenya
Makueni,Kenya
Marakwet District,Kenya
Taita Taveta,Kenya
Kajiado,Kenya
Nyeri,Kenya
Homa Bay,Kenya
Bomet,Kenya
Migori,Kenya
Nakuru,Kenya
Narok,Kenya
Nyamira District,Kenya
Nandi,Kenya
Osh,Kyrgyzstan
Batken,Kyrgyzstan
Talas,Kyrgyzstan
Naryn,Kyrgyzstan
Ysyk-Koel,Kyrgyzstan
Bishkek,Kyrgyzstan
Jalal-Abad,Kyrgyzstan
Chuy,Kyrgyzstan
Osh City,Kyrgyzstan
Pursat,Cambodia
Battambang,Cambodia
Takeo,Cambodia
Svay Rieng,Cambodia
Stung Treng,Cambodia
Otar Meanchey,Cambodia
Siem Reap,Cambodia
Ratanakiri,Cambodia
Prey Veng,Cambodia
Preah Vihear,Cambodia
Phnom Penh,Cambodia
Pailin,Cambodia
Mondolkiri,Cambodia
Kratie,Cambodia
Kep,Cambodia
Koh Kong,Cambodia
Kandal,Cambodia
Kampot,Cambodia
Kampong Thom,Cambodia
Kampong Speu,Cambodia
Kampong Chhnang,Cambodia
Kampong Cham,Cambodia
Preah Sihanouk,Cambodia
Banteay Meanchey,Cambodia
Gilbert Islands,Kiribati
Line Islands,Kiribati
Praslin,Saint Lucia
Phoenix Islands,Kiribati
Moheli,Comoros
Grande Comore,Comoros
Anjouan,Comoros
Trinity Palmetto Point,Saint Kitts and Nevis
Saint Thomas Middle Island,Saint Kitts and Nevis
Saint Thomas Lowland,Saint Kitts and Nevis
Saint Peter Basseterre,Saint Kitts and Nevis
Saint Paul Charlestown,Saint Kitts and Nevis
Saint Paul Capesterre,Saint Kitts and Nevis
Saint Mary Cayon,Saint Kitts and Nevis
Saint John Figtree,Saint Kitts and Nevis
Saint John Capesterre,Saint Kitts and Nevis
Saint James Windwa,Saint Kitts and Nevis
Saint George Gingerland,Saint Kitts and Nevis
Saint George Basseterre,Saint Kitts and Nevis
Saint Anne Sandy Point,Saint Kitts and Nevis
Christ Church Nichola Town,Saint Kitts and Nevis
Pyongyang,North Korea
P'yongan-namdo,North Korea
P'yongan-bukto,North Korea
Kangwon-do,North Korea
Hwanghae-namdo,North Korea
Hwanghae-bukto,North Korea
Hamgyong-namdo,North Korea
Yanggang-do,North Korea
Hamgyong-bukto,North Korea
Chagang-do,North Korea
Rason,North Korea
Ulsan,South Korea
Daejeon,South Korea
Daegu,South Korea
Seoul,South Korea
Busan,South Korea
Gyeongsangbuk-do,South Korea
Gyeonggi-do,South Korea
Gwangju,South Korea
Gangwon-do,South Korea
Incheon,South Korea
Chungcheongnam-do,South Korea
Chungcheongbuk-do,South Korea
Jeollanam-do,South Korea
Jeollabuk-do,South Korea
Jeju-do,South Korea
Gyeongsangnam-do,South Korea
Sejong-si,South Korea
Muhafazat Hawalli,Kuwait
Al Asimah,Kuwait
Muhafazat al Jahra',Kuwait
Al Farwaniyah,Kuwait
Al Ahmadi,Kuwait
Mubarak al Kabir,Kuwait
George Town,Cayman Islands
West Bay,Cayman Islands
Bodden Town,Cayman Islands
North Side,Cayman Islands
East End,Cayman Islands
Sister Island,Cayman Islands
Batys Qazaqstan,Kazakhstan
Mangghystau,Kazakhstan
Atyrau,Kazakhstan
Aqtoebe,Kazakhstan
Beverina,Latvia
East Kazakhstan,Kazakhstan
Aqmola,Kazakhstan
Soltustik Qazaqstan,Kazakhstan
Pavlodar,Kazakhstan
Qyzylorda,Kazakhstan
Qostanay,Kazakhstan
Qaraghandy,Kazakhstan
Zhambyl,Kazakhstan
Ongtustik Qazaqstan,Kazakhstan
Almaty Qalasy,Kazakhstan
Almaty Oblysy,Kazakhstan
Bayqongyr Qalasy,Kazakhstan
Astana Qalasy,Kazakhstan
Xiangkhoang,Laos
Xiagnabouli,Laos
Vientiane,Laos
Savannahkhet,Laos
Salavan,Laos
Phongsali,Laos
Oudomxai,Laos
Louangphabang,Laos
Loungnamtha,Laos
Khammouan,Laos
Houaphan,Laos
Champasak,Laos
Attapu,Laos
Xekong,Laos
Bokeo,Laos
Bolikhamxai,Laos
Vientiane,Laos
Mont-Liban,Lebanon
Beyrouth,Lebanon
Liban-Nord,Lebanon
Liban-Sud,Lebanon
Beqaa,Lebanon
Nabatiye,Lebanon
Aakkar,Lebanon
Baalbek-Hermel,Lebanon
Vieux-Fort,Saint Lucia
Soufriere,Saint Lucia
Micoud Quarter,Saint Lucia
Laborie Quarter,Saint Lucia
Gros-Islet,Saint Lucia
Dennery Quarter,Saint Lucia
Dauphin,Saint Lucia
Choiseul Quarter,Saint Lucia
Castries Quarter,Saint Lucia
Anse-la-Raye,Saint Lucia
Vaduz,Liechtenstein
Triesenberg,Liechtenstein
Triesen,Liechtenstein
Schellenberg,Liechtenstein
Schaan,Liechtenstein
Ruggell,Liechtenstein
Planken,Liechtenstein
Mauren,Liechtenstein
Gamprin,Liechtenstein
Eschen,Liechtenstein
Balzers,Liechtenstein
Western,Sri Lanka
Uva,Sri Lanka
Southern,Sri Lanka
Sabaragamuwa,Sri Lanka
North Western,Sri Lanka
North Central,Sri Lanka
Central,Sri Lanka
Northern Province,Sri Lanka
Eastern Province,Sri Lanka
Sinoe,Liberia
Nimba,Liberia
Montserrado,Liberia
Maryland,Liberia
Lofa,Liberia
Grand Gedeh,Liberia
Grand Cape Mount,Liberia
Grand Bassa,Liberia
Bong,Liberia
Bomi,Liberia
Grand Kru,Liberia
Margibi,Liberia
River Cess,Liberia
Gbarpolu,Liberia
River Gee,Liberia
Thaba-Tseka,Lesotho
Quthing,Lesotho
Qacha's Nek,Lesotho
Mokhotlong,Lesotho
Mohale's Hoek District,Lesotho
Maseru,Lesotho
Mafeteng,Lesotho
Leribe,Lesotho
Butha-Buthe,Lesotho
Berea,Lesotho
Alytaus apskritis,Lithuania
Kauno apskritis,Lithuania
Klaipedos apskritis,Lithuania
Marijampoles apskritis,Lithuania
Panevezys,Lithuania
Siauliu apskritis,Lithuania
Taurages apskritis,Lithuania
Telsiu apskritis,Lithuania
Utenos apskritis,Lithuania
Vilnius County,Lithuania
Luxembourg,Luxembourg
Grevenmacher,Luxembourg
Diekirch,Luxembourg
Smiltene,Latvia
Ventspils Rajons,Latvia
Ventspils,Latvia
Valmieras Rajons,Latvia
Valkas Rajons,Latvia
Tukuma Rajons,Latvia
Talsu Rajons,Latvia
Saldus Rajons,Latvia
Riga,Latvia
Rezeknes Rajons,Latvia
Rezekne,Latvia
Preilu Rajons,Latvia
Ogre,Latvia
Madonas Rajons,Latvia
Ludzas Rajons,Latvia
Limbazu Rajons,Latvia
Liepaja,Latvia
Kuldigas Rajons,Latvia
Kraslavas Rajons,Latvia
Jurmala,Latvia
Jelgavas Rajons,Latvia
Jelgava,Latvia
Jekabpils Municipality,Latvia
Gulbenes Rajons,Latvia
Dobeles Rajons,Latvia
Daugavpils,Latvia
Daugavpils,Latvia
Cesu Rajons,Latvia
Bauskas Rajons,Latvia
Balvu Rajons,Latvia
Aluksnes Rajons,Latvia
Aizkraukles Rajons,Latvia
Dundaga,Latvia
Alsunga,Latvia
Pavilostas,Latvia
Nica,Latvia
Rucavas,Latvia
Grobina,Latvia
Durbe,Latvia
Aizpute,Latvia
Priekule,Latvia
Vainode,Latvia
Skrunda,Latvia
Broceni,Latvia
Rojas,Latvia
Kandava,Latvia
Auces Novads,Latvia
Jaunpils,Latvia
Engure,Latvia
Tervete,Latvia
Ozolnieku,Latvia
Rundales,Latvia
Babite,Latvia
Marupe,Latvia
Olaine,Latvia
Lecava,Latvia
Kekava,Latvia
Salaspils,Latvia
Baldone,Latvia
Stopini,Latvia
Carnikava,Latvia
Adazi,Latvia
Garkalne,Latvia
Vecumnieki,Latvia
Kegums,Latvia
Lielvarde,Latvia
Skriveri,Latvia
Jaunjelgava,Latvia
Nereta,Latvia
Viesite,Latvia
Salas,Latvia
Jekabpils,Latvia
Akniste,Latvia
Ilukste,Latvia
Varkava,Latvia
Livani,Latvia
Varaklani,Latvia
Vilanu,Latvia
Riebinu,Latvia
Aglona,Latvia
Cibla,Latvia
Zilupes,Latvia
Vilaka,Latvia
Baltinava,Latvia
Dagda,Latvia
Karsava,Latvia
Rugaju,Latvia
Cesvaine,Latvia
Lubana,Latvia
Krustpils,Latvia
Plavinu,Latvia
Koknese,Latvia
Ikskile,Latvia
Ropazu,Latvia
Incukalns,Latvia
Krimulda,Latvia
Sigulda,Latvia
Ligatne,Latvia
Malpils,Latvia
Seja,Latvia
Saulkrastu,Latvia
Salacgrivas,Latvia
Aloja,Latvia
Naukseni,Latvia
Rujienas,Latvia
Mazsalaca,Latvia
Burtnieki,Latvia
Pargaujas,Latvia
Koceni,Latvia
Amatas Novads,Latvia
Priekuli,Latvia
Raunas,Latvia
Strenci,Latvia
Jaunpiebalga,Latvia
Ergli,Latvia
Vecpiebalga,Latvia
Apes Novads,Latvia
Mesraga,Latvia
Darnah,Libya
Banghazi,Libya
Al Marj,Libya
Al Kufrah,Libya
Al Jabal al Akhdar,Libya
Tripoli,Libya
Surt,Libya
Sabha,Libya
Sha`biyat Nalut,Libya
Murzuq,Libya
Misratah,Libya
Sha`biyat Ghat,Libya
Az Zawiyah,Libya
Sha'biyat Wadi ash Shati',Libya
Al Jufrah,Libya
An Nuqat al Khams,Libya
Sha`biyat al Butnan,Libya
Sha`biyat al Jabal al Gharbi,Libya
Sha`biyat al Jafarah,Libya
Al Marqab,Libya
Sha`biyat al Wahat,Libya
Sha`biyat Wadi al Hayat,Libya
Rabat-Sale-Zemmour-Zaer,Morocco
Meknes-Tafilalet,Morocco
Marrakech-Tensift-Al Haouz,Morocco
Fes-Boulemane,Morocco
Grand Casablanca,Morocco
Chaouia-Ouardigha,Morocco
Doukkala-Abda,Morocco
Gharb-Chrarda-Beni Hssen,Morocco
Guelmim-Es Smara,Morocco
Oriental,Morocco
Souss-Massa-Draa,Morocco
Tadla-Azilal,Morocco
Hovd,Mongolia
Tanger-Tetouan,Morocco
Taza-Al Hoceima-Taounate,Morocco
Laayoune-Boujdour-Sakia El Hamra,Morocco
Oued ed Dahab-Lagouira,Morocco
Commune de Monaco,Monaco
Raionul Edinet,Moldova
Ungheni,Moldova
Telenesti,Moldova
Taraclia,Moldova
Stefan-Voda,Moldova
Straseni,Moldova
Raionul Soroca,Moldova
Riscani,Moldova
Rezina,Moldova
Orhei,Moldova
Raionul Ocnita,Moldova
Anenii Noi,Moldova
Nisporeni,Moldova
Leova,Moldova
Singerei,Moldova
Criuleni,Moldova
Laloveni,Moldova
Chisinau,Moldova
Causeni,Moldova
Cantemir,Moldova
Calarasi,Moldova
Cahul,Moldova
Glodeni,Moldova
Floresti,Moldova
Falesti,Moldova
Dubasari,Moldova
Drochia,Moldova
Donduseni,Moldova
Cimislia,Moldova
Briceni,Moldova
Basarabeasca,Moldova
Hincesti,Moldova
Soldanesti,Moldova
Stinga Nistrului,Moldova
Gagauzia,Moldova
Bender,Moldova
Balti,Moldova
Opstina Rozaje,Montenegro
Opstina Zabljak,Montenegro
Ulcinj,Montenegro
Tivat,Montenegro
Podgorica,Montenegro
Opstina Savnik,Montenegro
Opstina Pluzine,Montenegro
Pljevlja,Montenegro
Opstina Plav,Montenegro
Opstina Niksic,Montenegro
Mojkovac,Montenegro
Kotor,Montenegro
Opstina Kolasin,Montenegro
Berane,Montenegro
Herceg Novi,Montenegro
Danilovgrad,Montenegro
Cetinje,Montenegro
Budva,Montenegro
Bijelo Polje,Montenegro
Bar,Montenegro
Andrijevica,Montenegro
Diana,Madagascar
Sava,Madagascar
Sofia,Madagascar
Analanjirofo,Madagascar
Boeny,Madagascar
Betsiboka,Madagascar
Alaotra Mangoro,Madagascar
Melaky,Madagascar
Bongolava,Madagascar
Vakinankaratra,Madagascar
Itasy,Madagascar
Analamanga,Madagascar
Atsinanana,Madagascar
Menabe,Madagascar
Amoron'i Mania,Madagascar
Upper Matsiatra,Madagascar
Vatovavy Fitovinany,Madagascar
Ihorombe,Madagascar
Atsimo-Atsinanana,Madagascar
Anosy,Madagascar
Androy,Madagascar
Atsimo-Andrefana,Madagascar
Ailinginae Atoll,Marshall Islands
Ailinglaplap Atoll,Marshall Islands
Ailuk Atoll,Marshall Islands
Arno Atoll,Marshall Islands
Aur Atoll,Marshall Islands
Bikar Atoll,Marshall Islands
Bikini Atoll,Marshall Islands
Ebon Atoll,Marshall Islands
Enewetak Atoll,Marshall Islands
Erikub Atoll,Marshall Islands
Jaluit Atoll,Marshall Islands
Kwajalein Atoll,Marshall Islands
Lae Atoll,Marshall Islands
Likiep Atoll,Marshall Islands
Majuro Atoll,Marshall Islands
Maloelap Atoll,Marshall Islands
Mili Atoll,Marshall Islands
Namdrik Atoll,Marshall Islands
Namu Atoll,Marshall Islands
Rongelap Atoll,Marshall Islands
Rongrik Atoll,Marshall Islands
Taka Atoll,Marshall Islands
Bokak Atoll,Marshall Islands
Ujae Atoll,Marshall Islands
Ujelang,Marshall Islands
Utrik Atoll,Marshall Islands
Wotho Atoll,Marshall Islands
Wotje Atoll,Marshall Islands
Jabat Island,Marshall Islands
Jemo Island,Marshall Islands
Kili Island,Marshall Islands
Lib Island,Marshall Islands
Mejit Island,Marshall Islands
Valandovo,Macedonia
Resen,Macedonia
Kratovo,Macedonia
Pehcevo,Macedonia
Novo Selo,Macedonia
Bosilovo,Macedonia
Vasilevo,Macedonia
Dojran,Macedonia
Bogdanci,Macedonia
Konce,Macedonia
Makedonska Kamenica,Macedonia
Zrnovci,Macedonia
Karbinci,Macedonia
Demir Kapija,Macedonia
Rosoman,Macedonia
Gradsko,Macedonia
Lozovo,Macedonia
Cesinovo-Oblesevo,Macedonia
Novaci,Macedonia
Berovo,Macedonia
Bitola,Macedonia
Mogila,Macedonia
Aracinovo,Macedonia
Bogovinje,Macedonia
Brvenica,Macedonia
Cair,Macedonia
Caska,Macedonia
Centar,Macedonia
Centar Zupa,Macedonia
Cucer-Sandevo,Macedonia
Debar,Macedonia
Delcevo,Macedonia
Demir Hisar,Macedonia
Dolneni,Macedonia
Opstina Gjorce Petrov,Macedonia
Drugovo,Macedonia
Gazi Baba,Macedonia
Gevgelija,Macedonia
Gostivar,Macedonia
Ilinden,Macedonia
Jegunovce,Macedonia
Karpos,Macedonia
Kavadarci,Macedonia
Kicevo,Macedonia
Kisela Voda,Macedonia
Kocani,Macedonia
Kriva Palanka,Macedonia
Krivogastani,Macedonia
Krusevo,Macedonia
Kumanovo,Macedonia
Opstina Lipkovo,Macedonia
Makedonski Brod,Macedonia
Negotino,Macedonia
Ohrid,Macedonia
Oslomej,Macedonia
Petrovec,Macedonia
Plasnica,Macedonia
Prilep,Macedonia
Probistip,Macedonia
Radovis,Macedonia
Opstina Rankovce,Macedonia
Opstina Rostusa,Macedonia
Saraj,Macedonia
Sopiste,Macedonia
Staro Nagoricane,Macedonia
Stip,Macedonia
Struga,Macedonia
Strumica,Macedonia
Studenicani,Macedonia
Suto Orizari,Macedonia
Sveti Nikole,Macedonia
Tearce,Macedonia
Tetovo,Macedonia
Veles,Macedonia
Vevcani,Macedonia
Vinica,Macedonia
Vranestica,Macedonia
Vrapciste,Macedonia
Zajas,Macedonia
Zelenikovo,Macedonia
Zelino,Macedonia
Aerodrom,Macedonia
Butel,Macedonia
Debarca,Macedonia
Tombouctou,Mali
Sikasso,Mali
Segou,Mali
Mopti,Mali
Koulikoro,Mali
Kayes,Mali
Gao,Mali
Bamako,Mali
Kidal,Mali
Tanintharyi,Myanmar
Shan,Myanmar
Sagain,Myanmar
Yangon,Myanmar
Rakhine,Myanmar
Bago,Myanmar
Mon,Myanmar
Mandalay,Myanmar
Magway,Myanmar
Kayah,Myanmar
Kayin,Myanmar
Kachin,Myanmar
Ayeyarwady,Myanmar
Chin,Myanmar
Uvs,Mongolia
Govi-Altay,Mongolia
Dzabkhan,Mongolia
Bayan-Olgiy,Mongolia
Bayanhongor,Mongolia
Ulaanbaatar,Mongolia
Central Aimak,Mongolia
Suhbaatar,Mongolia
Selenge,Mongolia
OEvoerhangay,Mongolia
OEmnoegovi,Mongolia
Hovsgol,Mongolia
Hentiy,Mongolia
Middle Govi,Mongolia
East Gobi Aymag,Mongolia
East Aimak,Mongolia
Bulgan,Mongolia
Arhangay,Mongolia
Darhan Uul,Mongolia
Govi-Sumber,Mongolia
Orhon,Mongolia
Macau,Macao
Ilhas,Macao
Rota,Northern Mariana Islands
Saipan,Northern Mariana Islands
Tinian,Northern Mariana Islands
Northern Islands,Northern Mariana Islands
Martinique,Martinique
Trarza,Mauritania
Tiris Zemmour,Mauritania
Tagant,Mauritania
Nouakchott,Mauritania
Inchiri,Mauritania
Hodh el Gharbi,Mauritania
Hodh ech Chargui,Mauritania
Guidimaka,Mauritania
Gorgol,Mauritania
Dakhlet Nouadhibou,Mauritania
Brakna,Mauritania
Assaba,Mauritania
Adrar,Mauritania
Saint Peter,Montserrat
Saint Georges,Montserrat
Saint Anthony,Montserrat
Attard,Malta
Balzan,Malta
Il-Birgu,Malta
Birkirkara,Malta
Birzebbuga,Malta
Bormla,Malta
Dingli,Malta
Il-Fgura,Malta
Il-Furjana,Malta
Il-Fontana,Malta
Ghajnsielem,Malta
L-Gharb,Malta
Hal Gharghur,Malta
L-Ghasri,Malta
Hal Ghaxaq,Malta
Il-Gudja,Malta
Il-Gzira,Malta
Il-Hamrun,Malta
L-Iklin,Malta
L-Imdina,Malta
L-Imgarr,Malta
L-Imqabba,Malta
L-Imsida,Malta
L-Imtarfa,Malta
L-Isla,Malta
Il-Kalkara,Malta
Ta' Kercem,Malta
Kirkop,Malta
Lija,Malta
Luqa,Malta
Il-Marsa,Malta
Marsaskala,Malta
Marsaxlokk,Malta
Il-Mellieha,Malta
Il-Mosta,Malta
Il-Munxar,Malta
In-Nadur,Malta
In-Naxxar,Malta
Paola,Malta
Pembroke,Malta
Tal-Pieta,Malta
Il-Qala,Malta
Qormi,Malta
Il-Qrendi,Malta
Ir-Rabat,Malta
Victoria,Malta
Safi,Malta
Saint John,Malta
Saint Julian,Malta
Saint Lawrence,Malta
Saint Lucia,Malta
Saint Paul's Bay,Malta
Saint Venera,Malta
Sannat,Malta
Is-Siggiewi,Malta
Tas-Sliema,Malta
Is-Swieqi,Malta
Tarxien,Malta
Ta' Xbiex,Malta
Ix-Xaghra,Malta
Ix-Xewkija,Malta
Ix-Xghajra,Malta
Haz-Zabbar,Malta
Haz-Zebbug,Malta
Iz-Zebbug,Malta
Iz-Zejtun,Malta
Iz-Zurrieq,Malta
Il-Belt Valletta,Malta
Agalega Islands,Mauritius
Savanne,Mauritius
Riviere du Rempart,Mauritius
Port Louis,Mauritius
Plaines Wilhems,Mauritius
Pamplemousses,Mauritius
Moka,Mauritius
Grand Port,Mauritius
Flacq,Mauritius
Black River,Mauritius
Cargados Carajos,Mauritius
Rodrigues,Mauritius
Vaavu Atholhu,Maldives
Thaa Atholhu,Maldives
Shaviyani Atholhu,Maldives
Seenu,Maldives
Raa Atoll,Maldives
Noonu Atoll,Maldives
Gnyaviyani Atoll,Maldives
Meemu Atholhu,Maldives
Lhaviyani Atholhu,Maldives
Laamu,Maldives
Kaafu Atoll,Maldives
Haa Dhaalu Atholhu,Maldives
Haa Alifu Atholhu,Maldives
Gaafu Dhaalu Atholhu,Maldives
Gaafu Alifu Atholhu,Maldives
Faafu Atholhu,Maldives
Dhaalu Atholhu,Maldives
Baa Atholhu,Maldives
Northern Ari Atoll,Maldives
Southern Ari Atoll,Maldives
Southern Region,Malawi
Northern Region,Malawi
Central Region,Malawi
Yucatan,Mexico
Veracruz,Mexico
Tlaxcala,Mexico
Tamaulipas,Mexico
Tabasco,Mexico
Quintana Roo,Mexico
Queretaro,Mexico
Puebla,Mexico
Oaxaca,Mexico
Nuevo Leon,Mexico
Morelos,Mexico
Mexico,Mexico
Hidalgo,Mexico
Guerrero,Mexico
Mexico City,Mexico
Chiapas,Mexico
Campeche,Mexico
Zacatecas,Mexico
Sonora,Mexico
Sinaloa,Mexico
Zeeland,Netherlands
San Luis Potosi,Mexico
Nayarit,Mexico
Michoacan,Mexico
Jalisco,Mexico
Guanajuato,Mexico
Durango,Mexico
Colima,Mexico
Coahuila,Mexico
Chihuahua,Mexico
Baja California Sur,Mexico
Baja California,Mexico
Aguascalientes,Mexico
Melaka,Malaysia
Terengganu,Malaysia
Selangor,Malaysia
Sarawak,Malaysia
Sabah,Malaysia
Perlis,Malaysia
Perak,Malaysia
Pahang,Malaysia
Negeri Sembilan,Malaysia
Kelantan,Malaysia
Kuala Lumpur,Malaysia
Penang,Malaysia
Kedah,Malaysia
Johor,Malaysia
Labuan,Malaysia
Putrajaya,Malaysia
Zambezia,Mozambique
Tete,Mozambique
Sofala,Mozambique
Niassa,Mozambique
Nampula,Mozambique
Maputo,Mozambique
Manica,Mozambique
Inhambane,Mozambique
Gaza,Mozambique
Cabo Delgado,Mozambique
Maputo City,Mozambique
Zambezi,Namibia
Khomas,Namibia
Erongo,Namibia
Hardap,Namibia
Karas,Namibia
Kunene,Namibia
Ohangwena,Namibia
Omaheke,Namibia
Omusati,Namibia
Oshana,Namibia
Oshikoto,Namibia
Otjozondjupa,Namibia
Kavango East,Namibia
Kavango West,Namibia
South Province,New Caledonia
North Province,New Caledonia
Loyalty Islands,New Caledonia
Zinder,Niger
Tahoua,Niger
Maradi,Niger
Dosso,Niger
Diffa,Niger
Agadez,Niger
Tillaberi,Niger
Niamey,Niger
Sokoto,Nigeria
Rivers,Nigeria
Plateau,Nigeria
Oyo,Nigeria
Ondo,Nigeria
Ogun,Nigeria
Niger,Nigeria
Lagos,Nigeria
Kwara,Nigeria
Katsina,Nigeria
Kano,Nigeria
Kaduna,Nigeria
Imo,Nigeria
Cross River,Nigeria
Borno,Nigeria
Benue,Nigeria
Bauchi,Nigeria
Anambra,Nigeria
Akwa Ibom,Nigeria
Abuja Federal Capital Territory,Nigeria
Abia,Nigeria
Delta,Nigeria
Adamawa,Nigeria
Edo,Nigeria
Enugu,Nigeria
Jigawa,Nigeria
Bayelsa,Nigeria
Ebonyi,Nigeria
Ekiti,Nigeria
Gombe,Nigeria
Nassarawa,Nigeria
Zamfara,Nigeria
Kebbi,Nigeria
Kogi,Nigeria
Osun,Nigeria
Taraba,Nigeria
Yobe,Nigeria
Rivas,Nicaragua
Rio San Juan,Nicaragua
Nueva Segovia,Nicaragua
Matagalpa,Nicaragua
Masaya,Nicaragua
Managua,Nicaragua
Madriz,Nicaragua
Leon,Nicaragua
Jinotega,Nicaragua
Granada,Nicaragua
Esteli,Nicaragua
Chontales,Nicaragua
Chinandega,Nicaragua
Carazo,Nicaragua
Boaco,Nicaragua
Atlantico Norte (RAAN),Nicaragua
Atlantico Sur,Nicaragua
South Holland,Netherlands
Utrecht,Netherlands
Overijssel,Netherlands
North Holland,Netherlands
North Brabant,Netherlands
Limburg,Netherlands
Groningen,Netherlands
Gelderland,Netherlands
Friesland,Netherlands
Drenthe,Netherlands
Flevoland,Netherlands
Finnmark Fylke,Norway
Vestfold,Norway
Vest-Agder,Norway
Troms,Norway
Telemark,Norway
Sor-Trondelag,Norway
Sogn og Fjordane,Norway
Rogaland,Norway
Ostfold,Norway
Oslo,Norway
Oppland,Norway
Nord-Trondelag,Norway
Nordland,Norway
More og Romsdal,Norway
Hordaland,Norway
Hedmark,Norway
Buskerud,Norway
Aust-Agder,Norway
Akershus,Norway
Far Western,Nepal
Mid Western,Nepal
Central Region,Nepal
Eastern Region,Nepal
Western Region,Nepal
Yaren,Nauru
Uaboe,Nauru
Nibok,Nauru
Meneng,Nauru
Ijuw,Nauru
Ewa,Nauru
Denigomodu,Nauru
Buada,Nauru
Boe,Nauru
Baiti,Nauru
Anibare,Nauru
Anetan,Nauru
Anabar,Nauru
Aiwo,Nauru
Wellington,New Zealand
Manawatu-Wanganui,New Zealand
Waikato,New Zealand
Tasman,New Zealand
Taranaki,New Zealand
Southland,New Zealand
Bay of Plenty,New Zealand
Northland,New Zealand
Marlborough,New Zealand
Hawke's Bay,New Zealand
Gisborne,New Zealand
Canterbury,New Zealand
Auckland,New Zealand
Chatham Islands,New Zealand
Nelson,New Zealand
Otago,New Zealand
West Coast,New Zealand
Muhafazat ad Dakhiliyah,Oman
Al Batinah,Oman
Al Wusta,Oman
Ash Sharqiyah,Oman
Az Zahirah,Oman
Muhafazat Masqat,Oman
Musandam,Oman
Zufar,Oman
Al Buraimi,Oman
Ash Sharqiyah,Oman
Al Batinah,Oman
Veraguas,Panama
Guna Yala,Panama
Panama,Panama
Los Santos,Panama
Herrera,Panama
Darien,Panama
Colon,Panama
Cocle,Panama
Chiriqui,Panama
Bocas del Toro,Panama
Embera,Panama
Ngoebe-Bugle,Panama
Ucayali,Peru
Tumbes,Peru
San Martin,Peru
Piura,Peru
Loreto,Peru
Lambayeque,Peru
La Libertad,Peru
Huanuco,Peru
Cajamarca,Peru
Ancash,Peru
Amazonas,Peru
Tacna,Peru
Puno,Peru
Pasco,Peru
Moquegua,Peru
Madre de Dios,Peru
Lima,Peru
Lima,Peru
Junin,Peru
Ica,Peru
Huancavelica,Peru
Cusco,Peru
Callao,Peru
Ayacucho,Peru
Arequipa,Peru
Apurimac,Peru
Iles Marquises,French Polynesia
Iles Tuamotu-Gambier,French Polynesia
Leeward Islands,French Polynesia
Iles du Vent,French Polynesia
Iles Australes,French Polynesia
West New Britain,Papua New Guinea
Western Province,Papua New Guinea
Western Highlands,Papua New Guinea
Southern Highlands,Papua New Guinea
Sandaun,Papua New Guinea
Bougainville,Papua New Guinea
Northern Province,Papua New Guinea
New Ireland,Papua New Guinea
National Capital,Papua New Guinea
Morobe,Papua New Guinea
Manus,Papua New Guinea
Madang,Papua New Guinea
Gulf,Papua New Guinea
Enga,Papua New Guinea
East Sepik,Papua New Guinea
East New Britain,Papua New Guinea
Eastern Highlands,Papua New Guinea
Chimbu,Papua New Guinea
Milne Bay,Papua New Guinea
Central Province,Papua New Guinea
Hela,Papua New Guinea
Jiwaka,Papua New Guinea
Autonomous Region in Muslim Mindanao,Philippines
Northern Mindanao,Philippines
Mimaropa,Philippines
Cagayan Valley,Philippines
Soccsksargen,Philippines
Caraga,Philippines
Cordillera,Philippines
Ilocos,Philippines
Calabarzon,Philippines
Western Visayas,Philippines
Central Luzon,Philippines
Central Visayas,Philippines
Eastern Visayas,Philippines
Zamboanga Peninsula,Philippines
Davao,Philippines
Bicol,Philippines
Metro Manila,Philippines
Islamabad,Pakistan
Sindh,Pakistan
Punjab,Pakistan
Khyber Pakhtunkhwa,Pakistan
Gilgit-Baltistan,Pakistan
Federally Administered Tribal Areas,Pakistan
Balochistan,Pakistan
Azad Kashmir,Pakistan
Lublin Voivodeship,Poland
Lesser Poland Voivodeship,Poland
Coimbra,Portugal
Masovian Voivodeship,Poland
Subcarpathian Voivodeship,Poland
Podlasie,Poland
Swietokrzyskie,Poland
Warmian-Masurian Voivodeship,Poland
Lower Silesian Voivodeship,Poland
Lodz Voivodeship,Poland
Lubusz,Poland
Opole Voivodeship,Poland
Pomeranian Voivodeship,Poland
Silesian Voivodeship,Poland
Greater Poland Voivodeship,Poland
West Pomeranian Voivodeship,Poland
Kujawsko-Pomorskie,Poland
Saint-Pierre,Saint Pierre and Miquelon
Miquelon-Langlade,Saint Pierre and Miquelon
Adjuntas,Puerto Rico
Aguada,Puerto Rico
Aguadilla,Puerto Rico
Aguas Buenas,Puerto Rico
Aibonito,Puerto Rico
Anasco,Puerto Rico
Arecibo,Puerto Rico
Arroyo,Puerto Rico
Barceloneta,Puerto Rico
Barranquitas,Puerto Rico
Bayamon,Puerto Rico
Cabo Rojo,Puerto Rico
Caguas,Puerto Rico
Camuy,Puerto Rico
Canovanas,Puerto Rico
Carolina,Puerto Rico
Catano,Puerto Rico
Cayey,Puerto Rico
Ceiba,Puerto Rico
Ciales,Puerto Rico
Cidra,Puerto Rico
Coamo,Puerto Rico
Comerio,Puerto Rico
Corozal,Puerto Rico
Culebra,Puerto Rico
Dorado,Puerto Rico
Fajardo,Puerto Rico
Florida,Puerto Rico
Guanica,Puerto Rico
Guayama,Puerto Rico
Guayanilla,Puerto Rico
Guaynabo,Puerto Rico
Gurabo,Puerto Rico
Hatillo,Puerto Rico
Hormigueros,Puerto Rico
Humacao,Puerto Rico
Isabela,Puerto Rico
Municipio de Jayuya,Puerto Rico
Juana Diaz,Puerto Rico
Municipio de Juncos,Puerto Rico
Lajas,Puerto Rico
Lares,Puerto Rico
Las Marias,Puerto Rico
Las Piedras,Puerto Rico
Loiza,Puerto Rico
Luquillo,Puerto Rico
Manati,Puerto Rico
Maricao,Puerto Rico
Maunabo,Puerto Rico
Mayaguez,Puerto Rico
Moca,Puerto Rico
Morovis,Puerto Rico
Naguabo,Puerto Rico
Naranjito,Puerto Rico
Orocovis,Puerto Rico
Patillas,Puerto Rico
Penuelas,Puerto Rico
Ponce,Puerto Rico
Rincon,Puerto Rico
Quebradillas,Puerto Rico
Rio Grande,Puerto Rico
Sabana Grande,Puerto Rico
Salinas,Puerto Rico
San German,Puerto Rico
San Juan,Puerto Rico
San Lorenzo,Puerto Rico
San Sebastian,Puerto Rico
Santa Isabel Municipio,Puerto Rico
Toa Alta,Puerto Rico
Toa Baja,Puerto Rico
Trujillo Alto,Puerto Rico
Utuado,Puerto Rico
Vega Alta,Puerto Rico
Vega Baja,Puerto Rico
Villalba,Puerto Rico
Yabucoa,Puerto Rico
Yauco,Puerto Rico
Vieques Municipality,Puerto Rico
Gaza Strip,Palestinian Territory
West Bank,Palestinian Territory
Setubal,Portugal
Santarem,Portugal
Portalegre,Portugal
Lisbon,Portugal
Leiria,Portugal
Faro,Portugal
Evora,Portugal
Castelo Branco,Portugal
Beja,Portugal
Madeira,Portugal
Viseu,Portugal
Vila Real,Portugal
Viana do Castelo,Portugal
Porto,Portugal
Guarda,Portugal
Braganca,Portugal
Braga,Portugal
Aveiro,Portugal
Azores,Portugal
Ngatpang,Palau
Sonsorol,Palau
Kayangel,Palau
Hatohobei,Palau
Aimeliik,Palau
Airai,Palau
Angaur,Palau
Koror,Palau
Melekeok,Palau
Ngaraard,Palau
Ngchesar,Palau
Ngarchelong,Palau
Ngardmau,Palau
Ngaremlengui,Palau
Ngiwal,Palau
Peleliu,Palau
San Pedro,Paraguay
Presidente Hayes,Paraguay
Paraguari,Paraguay
Neembucu,Paraguay
Misiones,Paraguay
Itapua,Paraguay
Guaira,Paraguay
Cordillera,Paraguay
Concepcion,Paraguay
Central,Paraguay
Canindeyu,Paraguay
Caazapa,Paraguay
Caaguazu,Paraguay
Amambay,Paraguay
Alto Parana,Paraguay
Alto Paraguay,Paraguay
Asuncion,Paraguay
Boqueron,Paraguay
Madinat ash Shamal,Qatar
Al Khawr,Qatar
Baladiyat Umm Salal,Qatar
Baladiyat ar Rayyan,Qatar
Baladiyat ad Dawhah,Qatar
Al Wakrah,Qatar
Baladiyat az Za`ayin,Qatar
Reunion,Reunion
Vrancea,Romania
Valcea,Romania
Vaslui,Romania
Tulcea,Romania
Timis,Romania
Teleorman,Romania
Suceava,Romania
Sibiu,Romania
Satu Mare,Romania
Salaj,Romania
Prahova,Romania
Olt,Romania
Neamt,Romania
Mures,Romania
Mehedinti,Romania
Maramures,Romania
Iasi,Romania
Ialomita,Romania
Hunedoara,Romania
Harghita,Romania
Gorj,Romania
Giurgiu,Romania
Galati,Romania
Dolj,Romania
Dambovita,Romania
Covasna,Romania
Constanta,Romania
Cluj,Romania
Caras-Severin,Romania
Calarasi,Romania
Buzau,Romania
Bucuresti,Romania
Brasov,Romania
Braila,Romania
Botosani,Romania
Bistrita-Nasaud,Romania
Bihor,Romania
Bacau,Romania
Arges,Romania
Arad,Romania
Alba,Romania
Ilfov,Romania
Vojvodina,Serbia
Central Serbia,Serbia
Jaroslavl,Russia
Voronezj,Russia
Vologda,Russia
Volgograd,Russia
Ulyanovsk,Russia
Udmurtiya,Russia
Tverskaya,Russia
Tula,Russia
Tatarstan,Russia
Tambov,Russia
Stavropol'skiy,Russia
Smolensk,Russia
Saratov,Russia
Samara,Russia
Rjazan,Russia
Rostov,Russia
Pskov,Russia
Perm,Russia
Penza,Russia
Orjol,Russia
Orenburg,Russia
Novgorod,Russia
North Ossetia,Russia
Nenetskiy Avtonomnyy Okrug,Russia
Murmansk,Russia
Moscow,Russia
MO,Russia
Mordoviya,Russia
Mariy-El,Russia
Lipetsk,Russia
Leningrad,Russia
St.-Petersburg,Russia
Kursk,Russia
Krasnodarskiy,Russia
Kostroma,Russia
Komi Republic,Russia
Kirov,Russia
Republic of Karelia,Russia
Karachayevo-Cherkesiya,Russia
Kaluga,Russia
Kalmykiya,Russia
Kaliningrad,Russia
Kabardino-Balkariya,Russia
Ivanovo,Russia
Ingushetiya,Russia
Nizjnij Novgorod,Russia
Dagestan,Russia
Chuvashia,Russia
Chechnya,Russia
Brjansk,Russia
Belgorod,Russia
Bashkortostan,Russia
Astrakhan,Russia
Arkhangelskaya,Russia
Adygeya,Russia
Vladimir,Russia
Yamalo-Nenetskiy Avtonomnyy Okrug,Russia
Tjumen,Russia
Tyva,Russia
Tomsk,Russia
Sverdlovsk,Russia
Omsk,Russia
Novosibirsk,Russia
Kurgan,Russia
Krasnoyarskiy,Russia
Khanty-Mansiyskiy Avtonomnyy Okrug,Russia
Khakasiya,Russia
Kemerovo,Russia
Altay,Russia
Chelyabinsk,Russia
Altai Krai,Russia
Sakha,Russia
Primorskiy,Russia
Khabarovsk Krai,Russia
Irkutsk,Russia
Jewish Autonomous Oblast,Russia
Amur,Russia
Respublika Buryatiya,Russia
Sakhalin,Russia
Magadan,Russia
Kamtsjatka,Russia
Chukotskiy Avtonomnyy Okrug,Russia
Transbaikal Territory,Russia
Eastern Province,Rwanda
Kigali,Rwanda
Northern Province,Rwanda
Western Province,Rwanda
Southern Province,Rwanda
Mintaqat Tabuk,Saudi Arabia
Najran,Saudi Arabia
Makkah,Saudi Arabia
Jizan,Saudi Arabia
Mintaqat Ha'il,Saudi Arabia
Mintaqat `Asir,Saudi Arabia
Eastern Province,Saudi Arabia
Ar Riyad,Saudi Arabia
Al-Qassim,Saudi Arabia
Al Madinah al Munawwarah,Saudi Arabia
Al Jawf,Saudi Arabia
Northern Borders,Saudi Arabia
Mintaqat al Bahah,Saudi Arabia
Western Province,Solomon Islands
Malaita,Solomon Islands
Isabel,Solomon Islands
Guadalcanal,Solomon Islands
Central Province,Solomon Islands
Temotu,Solomon Islands
Makira,Solomon Islands
Choiseul,Solomon Islands
Rennell and Bellona,Solomon Islands
Honiara,Solomon Islands
Takamaka,Seychelles
Saint Louis,Seychelles
Port Glaud,Seychelles
Pointe Larue,Seychelles
Plaisance,Seychelles
Mont Fleuri,Seychelles
Mont Buxton,Seychelles
English River,Seychelles
Inner Islands,Seychelles
Grand Anse Mahe,Seychelles
Grand Anse Praslin,Seychelles
Glacis,Seychelles
Cascade,Seychelles
Bel Ombre,Seychelles
Bel Air,Seychelles
Beau Vallon,Seychelles
Baie Sainte Anne,Seychelles
Baie Lazare,Seychelles
Anse Royale,Seychelles
Anse Etoile,Seychelles
Anse Boileau,Seychelles
Anse-aux-Pins,Seychelles
Les Mamelles,Seychelles
Roche Caiman,Seychelles
Au Cap,Seychelles
Northern State,Sudan
Khartoum,Sudan
Red Sea,Sudan
Al Jazirah,Sudan
Al Qadarif,Sudan
White Nile,Sudan
Blue Nile,Sudan
Western Darfur,Sudan
West Kordofan State,Sudan
Southern Darfur,Sudan
Southern Kordofan,Sudan
Kassala,Sudan
River Nile,Sudan
Northern Darfur,Sudan
Shamal Kurdufan,Sudan
Sinnar,Sudan
Eastern Darfur,Sudan
Central Darfur,Sudan
Norrbotten,Sweden
Vaestmanland,Sweden
Vaesternorrland,Sweden
Vaesterbotten,Sweden
Vaermland,Sweden
Uppsala,Sweden
Stockholm,Sweden
Soedermanland,Sweden
OEstergoetland,Sweden
OErebro,Sweden
Kronoberg,Sweden
Dalarna,Sweden
Kalmar,Sweden
Joenkoeping,Sweden
Jaemtland,Sweden
Halland,Sweden
Gotland,Sweden
Gaevleborg,Sweden
Blekinge,Sweden
Skane,Sweden
Vaestra Goetaland,Sweden
Central Singapore,Singapore
North East,Singapore
South East,Singapore
South West,Singapore
North West,Singapore
Ascension,Saint Helena
Tristan da Cunha,Saint Helena
Saint Helena,Saint Helena
Zalec,Slovenia
Zagorje ob Savi,Slovenia
Vrhnika,Slovenia
Trzic,Slovenia
Trebnje,Slovenia
Trbovlje,Slovenia
Tolmin,Slovenia
Velenje,Slovenia
Smarje pri Jelsah,Slovenia
Slovenska Konjice,Slovenia
Slovenska Bistrica,Slovenia
Slovenj Gradec,Slovenia
Skofja Loka,Slovenia
Sezana,Slovenia
Sevnica,Slovenia
Sentjur pri Celju,Slovenia
Ribnica,Slovenia
Radovljica,Slovenia
Radlje ob Dravi,Slovenia
Ptuj,Slovenia
Postojna,Slovenia
Piran-Pirano,Slovenia
Ormoz,Slovenia
Novo Mesto,Slovenia
Nova Gorica,Slovenia
Murska Sobota,Slovenia
Mozirje,Slovenia
Metlika,Slovenia
Maribor,Slovenia
Logatec,Slovenia
Ljutomer,Slovenia
Litija,Slovenia
Lenart,Slovenia
Lasko,Slovenia
Krsko,Slovenia
Kranj,Slovenia
Koper-Capodistria,Slovenia
Kocevje,Slovenia
Kamnik,Slovenia
Jesenice,Slovenia
Izola-Isola,Slovenia
Ilirska Bistrica,Slovenia
Idrija,Slovenia
Hrastnik,Slovenia
Grosuplje,Slovenia
Gornja Radgona,Slovenia
Dravograd,Slovenia
Domzale,Slovenia
Crnomelj,Slovenia
Cerknica,Slovenia
Celje,Slovenia
Brezice,Slovenia
Ajdovscina,Slovenia
Hrpelje-Kozina,Slovenia
Divaca,Slovenia
Pivka,Slovenia
Loska Dolina,Slovenia
Loski Potok,Slovenia
Osilnica,Slovenia
Velike Lasce,Slovenia
Skofljica,Slovenia
Ig,Slovenia
Brezovica,Slovenia
Borovnica,Slovenia
Vipava,Slovenia
Komen,Slovenia
Miren-Kostanjevica,Slovenia
Brda,Slovenia
Kanal,Slovenia
Ziri,Slovenia
Cerkno,Slovenia
Zelezniki,Slovenia
Gorenja Vas-Poljane,Slovenia
Dobrova-Horjul-Polhov Gradec,Slovenia
Kobarid,Slovenia
Bovec,Slovenia
Bohinj,Slovenia
Bled,Slovenia
Naklo,Slovenia
Kranjska Gora,Slovenia
Preddvor,Slovenia
Cerklje na Gorenjskem,Slovenia
Sencur,Slovenia
Vodice,Slovenia
Medvode,Slovenia
Menges,Slovenia
Dol pri Ljubljani,Slovenia
Moravce,Slovenia
Gornji Grad,Slovenia
Luce,Slovenia
Ravne na Koroskem,Slovenia
Mezica,Slovenia
Muta,Slovenia
Vuzenica,Slovenia
Crna na Koroskem,Slovenia
Ljubno,Slovenia
Sostanj,Slovenia
Smartno ob Paki,Slovenia
Lukovica,Slovenia
Radece,Slovenia
Ivancna Gorica,Slovenia
Dobrepolje,Slovenia
Semic,Slovenia
Sentjernej,Slovenia
Skocjan,Slovenia
Store,Slovenia
Vojnik,Slovenia
Vitanje,Slovenia
Zrece,Slovenia
Mislinja,Slovenia
Ruse,Slovenia
Kungota,Slovenia
Sentilj,Slovenia
Pesnica,Slovenia
Duplek,Slovenia
Race-Fram,Slovenia
Starse,Slovenia
Kidricevo,Slovenia
Majsperk,Slovenia
Videm,Slovenia
Rogaska Slatina,Slovenia
Rogatec,Slovenia
Podcetrtek,Slovenia
Kozje,Slovenia
Gorisnica,Slovenia
Zavrc,Slovenia
Dornava,Slovenia
Jursinci,Slovenia
Sveti Jurij,Slovenia
Radenci,Slovenia
Puconci,Slovenia
Rogasovci,Slovenia
Kuzma,Slovenia
Gornji Petrovci,Slovenia
Moravske Toplice,Slovenia
Kobilje,Slovenia
Beltinci,Slovenia
Turnisce,Slovenia
Odranci,Slovenia
Crensovci,Slovenia
Nazarje,Slovenia
Ljubljana,Slovenia
Zirovnica,Slovenia
Jezersko,Slovenia
Solcava,Slovenia
Komenda,Slovenia
Horjul,Slovenia
Sempeter-Vrtojba,Slovenia
Bloke,Slovenia
Sodrazica,Slovenia
Trzin,Slovenia
Prevalje,Slovenia
Vransko,Slovenia
Tabor,Slovenia
Braslovce,Slovenia
Polzela,Slovenia
Prebold,Slovenia
Kostel,Slovenia
Zuzemberk,Slovenia
Dolenjske Toplice,Slovenia
Mirna Pec,Slovenia
Bistrica ob Sotli,Slovenia
Dobje,Slovenia
Dobrna,Slovenia
Oplotnica,Slovenia
Podvelka,Slovenia
Ribnica na Pohorju,Slovenia
Lovrenc na Pohorju,Slovenia
Selnica ob Dravi,Slovenia
Hoce-Slivnica,Slovenia
Miklavz na Dravskem Polju,Slovenia
Hajdina,Slovenia
Zetale,Slovenia
Podlehnik,Slovenia
Markovci,Slovenia
Destrnik,Slovenia
Trnovska Vas,Slovenia
Sveti Andraz v Slovenskih Goricah,Slovenia
Cerkvenjak,Slovenia
Benedikt,Slovenia
Sveta Ana,Slovenia
Krizevci,Slovenia
Verzej,Slovenia
Velika Polana,Slovenia
Lendava-Lendva,Slovenia
Dobrovnik-Dobronak,Slovenia
Tisina,Slovenia
Cankova,Slovenia
Grad,Slovenia
Hodos-Hodos,Slovenia
Razkrizje,Slovenia
Smartno pri Litiji,Slovenia
Salovci,Slovenia
Apace,Slovenia
Cirkulane,Slovenia
Kostanjevica na Krki,Slovenia
Log-Dragomer,Slovenia
Makole,Slovenia
Mokronog-Trebelno,Slovenia
Poljcane,Slovenia
Recica ob Savinji,Slovenia
Rence-Vogrsko,Slovenia
Sredisce ob Dravi,Slovenia
Straza,Slovenia
Latakia,Syria
Sveta Trojica v Slovenskih Goricah,Slovenia
Sveti Tomaz,Slovenia
Sentrupert,Slovenia
Smarjeske Toplice,Slovenia
Sveti Jurij v Slovenskih Goricah,Slovenia
Gorje,Slovenia
Jan Mayen,Svalbard and Jan Mayen
Svalbard,Svalbard and Jan Mayen
Kosicky,Slovakia
Presovsky,Slovakia
Zilinsky,Slovakia
Banskobystricky,Slovakia
Bratislavsky,Slovakia
Nitriansky,Slovakia
Trenciansky,Slovakia
Trnavsky,Slovakia
Western Area,Sierra Leone
Southern Province,Sierra Leone
Northern Province,Sierra Leone
Eastern Province,Sierra Leone
Serravalle,San Marino
Chiesanuova,San Marino
San Marino,San Marino
Acquaviva,San Marino
Borgo Maggiore,San Marino
Domagnano,San Marino
Faetano,San Marino
Fiorentino,San Marino
Montegiardino,San Marino
Ziguinchor,Senegal
Thies,Senegal
Tambacounda,Senegal
Saint-Louis,Senegal
Matam,Senegal
Louga,Senegal
Kolda,Senegal
Kaolack,Senegal
Fatick,Senegal
Diourbel,Senegal
Dakar,Senegal
Kaffrine,Senegal
Kedougou,Senegal
Sedhiou,Senegal
Woqooyi Galbeed,Somalia
Togdheer,Somalia
Lower Shabeelle,Somalia
Middle Shabele,Somalia
Sanaag,Somalia
Nugaal,Somalia
Mudug,Somalia
Lower Juba,Somalia
Middle Juba,Somalia
Hiiraan,Somalia
Gedo,Somalia
Galguduud,Somalia
Bay,Somalia
Bari,Somalia
Banaadir,Somalia
Bakool,Somalia
Awdal,Somalia
Sool,Somalia
Wanica,Suriname
Sipaliwini,Suriname
Saramacca,Suriname
Paramaribo,Suriname
Para,Suriname
Nickerie,Suriname
Marowijne,Suriname
Coronie,Suriname
Commewijne,Suriname
Brokopondo,Suriname
Upper Nile,South Sudan
Lakes,South Sudan
Unity,South Sudan
Central Equatoria,South Sudan
Western Equatoria,South Sudan
Western Bahr al Ghazal,South Sudan
Jonglei,South Sudan
Northern Bahr al Ghazal,South Sudan
Eastern Equatoria,South Sudan
Warrap,South Sudan
Sao Tome Island,Sao Tome and Principe
Principe,Sao Tome and Principe
Usulutan,El Salvador
Sonsonate,El Salvador
San Vicente,El Salvador
Santa Ana,El Salvador
San Salvador,El Salvador
San Miguel,El Salvador
Morazan,El Salvador
La Union,El Salvador
La Paz,El Salvador
La Libertad,El Salvador
Cuscatlan,El Salvador
Chalatenango,El Salvador
Cabanas,El Salvador
Ahuachapan,El Salvador
Tartus,Syria
Dimashq,Syria
Idlib,Syria
Homs,Syria
Hama,Syria
Aleppo,Syria
Rif-dimashq,Syria
Deir ez-Zor,Syria
Daraa,Syria
As-Suwayda,Syria
Ar-Raqqah,Syria
Quneitra,Syria
Al-Hasakah,Syria
Shiselweni,Swaziland
Manzini,Swaziland
Lubombo,Swaziland
Hhohho,Swaziland
Salamat,Chad
Ouaddai,Chad
Biltine,Chad
Tandjile,Chad
Moyen-Chari,Chad
Mayo-Kebbi Est,Chad
Logone Oriental,Chad
Logone Occidental,Chad
Lac,Chad
Kanem,Chad
Guera,Chad
Chari-Baguirmi,Chad
Batha,Chad
Borkou,Chad
Hadjer-Lamis,Chad
Mandoul,Chad
Mayo-Kebbi Ouest,Chad
Region de la Ville de N'Djamena,Chad
Barh el Gazel,Chad
Sila,Chad
Tibesti,Chad
Ennedi-Ouest,Chad
Ennedi-Est,Chad
Crozet,French Southern Territories
Kerguelen,French Southern Territories
Saint-Paul-et-Amsterdam,French Southern Territories
Iles Eparses,French Southern Territories
Terre-Adelie,French Southern Territories
Savanes,Togo
Plateaux,Togo
Maritime,Togo
Centrale,Togo
Kara,Togo
Uthai Thani,Thailand
Trang,Thailand
Tak,Thailand
Surat Thani,Thailand
Sukhothai,Thailand
Ratchaburi,Thailand
Ranong,Thailand
Prachuap Khiri Khan,Thailand
Phuket,Thailand
Phetchaburi,Thailand
Phangnga,Thailand
Mae Hong Son,Thailand
Lamphun,Thailand
Lampang,Thailand
Krabi,Thailand
Kanchanaburi,Thailand
Kamphaeng Phet,Thailand
Chumphon,Thailand
Chiang Rai,Thailand
Chiang Mai,Thailand
Yasothon,Thailand
Yala,Thailand
Uttaradit,Thailand
Trat,Thailand
Surin,Thailand
Suphan Buri,Thailand
Songkhla,Thailand
Sisaket,Thailand
Sing Buri,Thailand
Satun,Thailand
Sara Buri,Thailand
Samut Songkhram,Thailand
Samut Sakhon,Thailand
Samut Prakan,Thailand
Sakon Nakhon,Thailand
Roi Et,Thailand
Rayong,Thailand
Phra Nakhon Si Ayutthaya,Thailand
Phrae,Thailand
Phitsanulok,Thailand
Phichit,Thailand
Phetchabun,Thailand
Phayao,Thailand
Phatthalung,Thailand
Pattani,Thailand
Pathum Thani,Thailand
Nonthaburi,Thailand
Nong Khai,Thailand
Narathiwat,Thailand
Nan,Thailand
Nakhon Si Thammarat,Thailand
Nakhon Sawan,Thailand
Nakhon Ratchasima,Thailand
Nakhon Phanom,Thailand
Nakhon Pathom,Thailand
Nakhon Nayok,Thailand
Mukdahan,Thailand
Maha Sarakham,Thailand
Lop Buri,Thailand
Loei,Thailand
Bangkok,Thailand
Khon Kaen,Thailand
Kalasin,Thailand
Chon Buri,Thailand
Chanthaburi,Thailand
Chaiyaphum,Thailand
Chai Nat,Thailand
Chachoengsao,Thailand
Buriram,Thailand
Ang Thong,Thailand
Changwat Udon Thani,Thailand
Prachin Buri,Thailand
Changwat Ubon Ratchathani,Thailand
Amnat Charoen,Thailand
Changwat Nong Bua Lamphu,Thailand
Sa Kaeo,Thailand
Changwat Bueng Kan,Thailand
Viloyati Sughd,Tajikistan
Gorno-Badakhshan,Tajikistan
Khatlon,Tajikistan
Republican Subordination,Tajikistan
Dushanbe,Tajikistan
Nukunonu,Tokelau
Fakaofo,Tokelau
Atafu,Tokelau
Viqueque,East Timor
Manufahi,East Timor
Manatuto,East Timor
Liquica,East Timor
Lautem,East Timor
Cova Lima,East Timor
Ermera,East Timor
Dili,East Timor
Bobonaro,East Timor
Baucau,East Timor
Oecusse,East Timor
Ainaro,East Timor
Aileu,East Timor
Balkan,Turkmenistan
Ahal,Turkmenistan
Dasoguz,Turkmenistan
Mary,Turkmenistan
Lebap,Turkmenistan
Zaghwan,Tunisia
Tunis,Tunisia
Tawzar,Tunisia
Tataouine,Tunisia
Susah,Tunisia
Silyanah,Tunisia
Sidi Bu Zayd,Tunisia
Safaqis,Tunisia
Qibili,Tunisia
Gafsa,Tunisia
Qabis,Tunisia
Nabul,Tunisia
Madanin,Tunisia
Jundubah,Tunisia
Bin 'Arus,Tunisia
Banzart,Tunisia
Bajah,Tunisia
Ariana,Tunisia
Al Qayrawan,Tunisia
Al Qasrayn,Tunisia
Al Munastir,Tunisia
Al Mahdiyah,Tunisia
Kef,Tunisia
Manouba,Tunisia
Vava`u,Tonga
Tongatapu,Tonga
Ha`apai,Tonga
'Eua,Tonga
Niuas,Tonga
Yozgat,Turkey
Van,Turkey
Usak,Turkey
Sanliurfa,Turkey
Tunceli,Turkey
Sivas,Turkey
Siirt,Turkey
Nigde,Turkey
Nevsehir,Turkey
Mus,Turkey
Mugla,Turkey
Mardin,Turkey
Manisa,Turkey
Malatya,Turkey
Kuetahya,Turkey
Konya,Turkey
Kirsehir,Turkey
Kayseri,Turkey
Kahramanmaras,Turkey
Izmir,Turkey
Isparta,Turkey
Mersin,Turkey
Hatay,Turkey
Hakkari,Turkey
Gaziantep,Turkey
Eskisehir,Turkey
Erzurum,Turkey
Erzincan,Turkey
Elazig,Turkey
Diyarbakir,Turkey
Denizli,Turkey
Burdur,Turkey
Bitlis,Turkey
Bingoel,Turkey
Bilecik,Turkey
Balikesir,Turkey
Aydin,Turkey
Antalya,Turkey
Ankara,Turkey
Agri,Turkey
Afyonkarahisar,Turkey
Adiyaman,Turkey
Adana,Turkey
Osmaniye,Turkey
Igdir,Turkey
Aksaray,Turkey
Batman,Turkey
Karaman,Turkey
Kirikkale,Turkey
Sirnak,Turkey
Kilis,Turkey
Zonguldak,Turkey
Trabzon,Turkey
Tokat,Turkey
Tekirdag,Turkey
Sinop,Turkey
Samsun,Turkey
Sakarya,Turkey
Rize,Turkey
Ordu,Turkey
Kocaeli,Turkey
Kirklareli,Turkey
Kastamonu,Turkey
Kars,Turkey
Istanbul,Turkey
Gumushane,Turkey
Giresun,Turkey
Edirne,Turkey
Corum,Turkey
Cankiri,Turkey
Canakkale Province,Turkey
Bursa,Turkey
Bolu,Turkey
Artvin,Turkey
Amasya,Turkey
Bartin,Turkey
Karabuk,Turkey
Yalova,Turkey
Ardahan,Turkey
Bayburt,Turkey
Duzce,Turkey
Tobago,Trinidad and Tobago
City of San Fernando,Trinidad and Tobago
City of Port of Spain,Trinidad and Tobago
Mayaro,Trinidad and Tobago
Borough of Arima,Trinidad and Tobago
Chaguanas,Trinidad and Tobago
Couva-Tabaquite-Talparo,Trinidad and Tobago
Diego Martin,Trinidad and Tobago
Eastern Tobago,Trinidad and Tobago
Penal/Debe,Trinidad and Tobago
Princes Town,Trinidad and Tobago
Point Fortin,Trinidad and Tobago
Sangre Grande,Trinidad and Tobago
Siparia,Trinidad and Tobago
San Juan/Laventille,Trinidad and Tobago
Tunapuna/Piarco,Trinidad and Tobago
Nui,Tuvalu
Nanumea,Tuvalu
Funafuti,Tuvalu
Niutao,Tuvalu
Nanumanga,Tuvalu
Vaitupu,Tuvalu
Nukufetau,Tuvalu
Nukulaelae,Tuvalu
Fukien,Taiwan
Kaohsiung,Taiwan
Taipei,Taiwan
Taiwan,Taiwan
Kagera,Tanzania
Zanzibar Urban/West,Tanzania
Zanzibar North,Tanzania
Zanzibar Central/South,Tanzania
Tanga,Tanzania
Tabora,Tanzania
Singida,Tanzania
Shinyanga,Tanzania
Rukwa,Tanzania
Pwani,Tanzania
Pemba South,Tanzania
Pemba North,Tanzania
Mwanza,Tanzania
Morogoro,Tanzania
Mbeya,Tanzania
Mara,Tanzania
Lindi,Tanzania
Kilimanjaro,Tanzania
Kigoma,Tanzania
Iringa,Tanzania
Dodoma,Tanzania
Dar es Salaam,Tanzania
Arusha,Tanzania
Manyara,Tanzania
Ruvuma,Tanzania
Mtwara,Tanzania
Simiyu,Tanzania
Geita,Tanzania
Katavi,Tanzania
Njombe,Tanzania
Zhytomyr,Ukraine
Zaporizhia,Ukraine
Zakarpattia,Ukraine
Volyn,Ukraine
Vinnyts'ka,Ukraine
Ternopil,Ukraine
Sumy,Ukraine
Misto Sevastopol',Ukraine
Rivne,Ukraine
Poltava,Ukraine
Odessa,Ukraine
Mykolaiv,Ukraine
Lviv,Ukraine
Luhansk,Ukraine
Kiev,Ukraine
Kyiv City,Ukraine
Crimea,Ukraine
Kirovohrad,Ukraine
Khmelnytskyi,Ukraine
Kherson,Ukraine
Kharkiv,Ukraine
Ivano-Frankivsk,Ukraine
Donetsk,Ukraine
Dnipropetrovsk,Ukraine
Chernivtsi,Ukraine
Chernihiv,Ukraine
Cherkasy,Ukraine
Central Region,Uganda
Eastern Region,Uganda
Northern Region,Uganda
Western Region,Uganda
Wake Island,United States Minor Outlying Islands
Falcon,Venezuela
Navassa Island,United States Minor Outlying Islands
Baker Island,United States Minor Outlying Islands
Howland Island,United States Minor Outlying Islands
Jarvis Island,United States Minor Outlying Islands
Johnston Atoll,United States Minor Outlying Islands
Kingman Reef,United States Minor Outlying Islands
Midway Islands,United States Minor Outlying Islands
Palmyra Atoll,United States Minor Outlying Islands
Arkansas,United States
"Washington, D.C.",United States
Delaware,United States
Florida,United States
Georgia,United States
Kansas,United States
Louisiana,United States
Maryland,United States
Missouri,United States
Mississippi,United States
North Carolina,United States
Oklahoma,United States
South Carolina,United States
Tennessee,United States
Texas,United States
West Virginia,United States
Alabama,United States
Connecticut,United States
Iowa,United States
Illinois,United States
Indiana,United States
Maine,United States
Michigan,United States
Minnesota,United States
Nebraska,United States
New Hampshire,United States
New Jersey,United States
New York,United States
Ohio,United States
Rhode Island,United States
Vermont,United States
Wisconsin,United States
California,United States
Colorado,United States
New Mexico,United States
Nevada,United States
Utah,United States
Arizona,United States
Idaho,United States
Montana,United States
North Dakota,United States
Oregon,United States
South Dakota,United States
Washington,United States
Wyoming,United States
Hawaii,United States
Alaska,United States
Kentucky,United States
Massachusetts,United States
Pennsylvania,United States
Virginia,United States
Treinta y Tres,Uruguay
Tacuarembo,Uruguay
Soriano,Uruguay
San Jose,Uruguay
Salto,Uruguay
Rocha,Uruguay
Rivera,Uruguay
Rio Negro,Uruguay
Paysandu,Uruguay
Montevideo,Uruguay
Maldonado,Uruguay
Lavalleja,Uruguay
Florida,Uruguay
Flores,Uruguay
Durazno,Uruguay
Colonia,Uruguay
Cerro Largo,Uruguay
Canelones,Uruguay
Artigas,Uruguay
Karakalpakstan,Uzbekistan
Surxondaryo,Uzbekistan
Samarqand,Uzbekistan
Qashqadaryo,Uzbekistan
Bukhara,Uzbekistan
Toshkent,Uzbekistan
Toshkent Shahri,Uzbekistan
Sirdaryo,Uzbekistan
Navoiy,Uzbekistan
Namangan,Uzbekistan
Xorazm,Uzbekistan
Jizzax,Uzbekistan
Fergana,Uzbekistan
Andijon,Uzbekistan
Saint Patrick,Saint Vincent and the Grenadines
Saint George,Saint Vincent and the Grenadines
Saint David,Saint Vincent and the Grenadines
Saint Andrew,Saint Vincent and the Grenadines
Grenadines,Saint Vincent and the Grenadines
Charlotte,Saint Vincent and the Grenadines
Zulia,Venezuela
Yaracuy,Venezuela
Trujillo,Venezuela
Tachira,Venezuela
Sucre,Venezuela
Portuguesa,Venezuela
Nueva Esparta,Venezuela
Monagas,Venezuela
Miranda,Venezuela
Merida,Venezuela
Lara,Venezuela
Guarico,Venezuela
Dependencias Federales,Venezuela
Capital,Venezuela
Delta Amacuro,Venezuela
Cojedes,Venezuela
Carabobo,Venezuela
Bolivar,Venezuela
Barinas,Venezuela
Aragua,Venezuela
Apure,Venezuela
Anzoategui,Venezuela
Amazonas,Venezuela
Vargas,Venezuela
Saint Croix Island,U.S. Virgin Islands
Saint John Island,U.S. Virgin Islands
Saint Thomas Island,U.S. Virgin Islands
Nghe An,Vietnam
Ninh Binh,Vietnam
Ninh Thuan,Vietnam
Soc Trang,Vietnam
Tra Vinh,Vietnam
Tuyen Quang,Vietnam
Vinh Long,Vietnam
Yen Bai,Vietnam
Lao Cai,Vietnam
Tien Giang,Vietnam
Thua Thien-Hue,Vietnam
Kon Tum,Vietnam
Thanh Hoa,Vietnam
Thai Binh,Vietnam
Tay Ninh,Vietnam
Son La,Vietnam
Quang Tri,Vietnam
Quang Ninh,Vietnam
Quang Ngai,Vietnam
Quang Binh,Vietnam
Phu Yen,Vietnam
Hoa Binh,Vietnam
Long An,Vietnam
Lang Son,Vietnam
Lam Dong,Vietnam
Lai Chau,Vietnam
Kien Giang,Vietnam
Khanh Hoa,Vietnam
Ho Chi Minh City,Vietnam
Ha Tinh,Vietnam
Ha Giang,Vietnam
Gia Lai,Vietnam
Ha Noi,Vietnam
Can Tho,Vietnam
Hai Phong,Vietnam
Binh Thuan,Vietnam
Dong Thap,Vietnam
Dong Nai,Vietnam
Dac Lak,Vietnam
Ba Ria-Vung Tau,Vietnam
Cao Bang,Vietnam
Binh Dinh,Vietnam
Ben Tre,Vietnam
An Giang,Vietnam
Dak Nong,Vietnam
Tinh Dien Bien,Vietnam
Bac Ninh,Vietnam
Bac Giang,Vietnam
Da Nang,Vietnam
Binh Duong,Vietnam
Binh Phuoc,Vietnam
Thai Nguyen,Vietnam
Quang Nam,Vietnam
Phu Tho,Vietnam
Nam Dinh,Vietnam
Ha Nam,Vietnam
Bac Kan,Vietnam
Bac Lieu,Vietnam
Ca Mau,Vietnam
Hai Duong,Vietnam
Hung Yen,Vietnam
Vinh Phuc,Vietnam
Hau Giang,Vietnam
Tafea,Vanuatu
Sanma,Vanuatu
Torba,Vanuatu
Malampa,Vanuatu
Penama,Vanuatu
Shefa,Vanuatu
Circonscription d'Uvea,Wallis and Futuna
Circonscription de Sigave,Wallis and Futuna
Circonscription d'Alo,Wallis and Futuna
Vaisigano,Samoa
Va`a-o-Fonoti,Samoa
Tuamasaga,Samoa
Satupa`itea,Samoa
Palauli,Samoa
Gagaifomauga,Samoa
Gaga`emauga,Samoa
Fa`asaleleaga,Samoa
Atua,Samoa
Aiga-i-le-Tai,Samoa
A'ana,Samoa
Ferizaj,Kosovo
Gjakova,Kosovo
Gjilan,Kosovo
Mitrovica,Kosovo
Pec,Kosovo
Pristina,Kosovo
Prizren,Kosovo
Ta'izz,Yemen
Shabwah,Yemen
Sanaa,Yemen
Sa'dah,Yemen
Raymah,Yemen
Ma'rib,Yemen
Al Mahwit,Yemen
Al Jawf,Yemen
Muhafazat Hadramawt,Yemen
Dhamar,Yemen
Al Mahrah,Yemen
Muhafazat al Hudaydah,Yemen
Muhafazat al Bayda',Yemen
Aden,Yemen
Abyan,Yemen
Ad Dali',Yemen
Omran,Yemen
Hajjah,Yemen
Ibb,Yemen
Lahij,Yemen
Amanat Al Asimah,Yemen
Soqatra Governorate,Yemen
Acoua,Mayotte
Bandraboua,Mayotte
Bandrele,Mayotte
Boueni,Mayotte
Chiconi,Mayotte
Chirongui,Mayotte
Dembeni,Mayotte
Dzaoudzi,Mayotte
Kani-Keli,Mayotte
Koungou,Mayotte
Mamoudzou,Mayotte
Mtsamboro,Mayotte
M'Tsangamouji,Mayotte
Ouangani,Mayotte
Pamandzi,Mayotte
Sada,Mayotte
Tsingoni,Mayotte
Orange Free State,South Africa
KwaZulu-Natal,South Africa
Eastern Cape,South Africa
Gauteng,South Africa
Mpumalanga,South Africa
Northern Cape,South Africa
Limpopo,South Africa
North-West,South Africa
Western Cape,South Africa
Western,Zambia
Southern,Zambia
North-Western,Zambia
Northern,Zambia
Lusaka,Zambia
Luapula,Zambia
Eastern,Zambia
Copperbelt,Zambia
Central,Zambia
Midlands,Zimbabwe
Matabeleland South,Zimbabwe
Matabeleland North,Zimbabwe
Masvingo,Zimbabwe
Mashonaland West,Zimbabwe
Mashonaland East,Zimbabwe
Mashonaland Central,Zimbabwe
Manicaland,Zimbabwe
Bulawayo,Zimbabwe
Harare,Zimbabwe
